x,y,tree_id,tile_note,permission_value_hex,permission_class
576,383,,,0x0000,empty
577,383,,,0x0000,empty
578,383,,,0x0000,empty
579,383,,,0x0000,empty
580,383,,,0x0000,empty
581,383,,,0x0000,empty
582,383,,,0x0000,empty
583,383,,,0x0000,empty
584,383,,,0x0000,empty
585,383,,,0x0000,empty
586,383,,,0x0000,empty
587,383,,,0x0000,empty
588,383,,,0x0000,empty
589,383,,,0x0000,empty
590,383,,,0x0000,empty
591,383,,,0x0000,empty
592,383,,,0x0000,empty
593,383,,,0x0000,empty
594,383,,,0x0000,empty
595,383,,,0x0000,empty
596,383,,,0x0000,empty
597,383,,,0x0000,empty
598,383,,,0x0000,empty
599,383,,,0x0000,empty
600,383,,,0x0000,empty
601,383,,,0x0000,empty
602,383,,,0x0000,empty
603,383,,,0x0000,empty
604,383,,,0x0000,empty
605,383,,,0x0000,empty
606,383,,,0x0000,empty
607,383,,,0x0000,empty
608,383,,,0x0000,empty
609,383,,,0x0000,empty
610,383,,,0x0000,empty
611,383,,,0x0000,empty
612,383,,,0x0000,empty
613,383,,,0x0000,empty
614,383,,,0x0000,empty
615,383,,,0x0000,empty
616,383,,,0x0000,empty
617,383,,,0x0000,empty
618,383,,,0x0000,empty
619,383,,,0x0000,empty
620,383,,,0x0000,empty
621,383,,,0x0000,empty
622,383,,,0x0000,empty
623,383,,,0x0000,empty
624,383,,,0x0000,empty
625,383,,,0x0000,empty
626,383,,,0x0000,empty
627,383,,,0x0000,empty
628,383,,,0x0000,empty
629,383,,,0x0000,empty
630,383,,,0x0000,empty
631,383,,,0x0000,empty
632,383,,,0x0000,empty
633,383,,,0x0000,empty
634,383,,,0x0000,empty
635,383,,,0x0000,empty
636,383,,,0x0000,empty
637,383,,,0x0000,empty
638,383,,,0x0000,empty
639,383,,,0x0000,empty
640,383,,,0x0000,empty
641,383,,,0x0000,empty
642,383,,,0x0000,empty
643,383,,,0x0000,empty
644,383,,,0x0000,empty
645,383,,,0x0000,empty
646,383,,,0x0000,empty
647,383,,,0x0000,empty
648,383,,,0x0000,empty
649,383,,,0x0000,empty
650,383,,,0x0000,empty
651,383,,,0x0000,empty
652,383,,,0x0000,empty
653,383,,,0x0000,empty
654,383,,,0x0000,empty
655,383,,,0x0000,empty
656,383,,,0x0000,empty
657,383,,,0x0000,empty
658,383,,,0x0000,empty
659,383,,,0x0000,empty
660,383,,,0x0000,empty
661,383,,,0x0000,empty
662,383,,,0x0000,empty
663,383,,,0x0000,empty
664,383,,,0x0000,empty
665,383,,,0x0000,empty
666,383,,,0x0000,empty
667,383,,,0x0000,empty
668,383,,,0x0000,empty
669,383,,,0x0000,empty
670,383,,,0x0000,empty
671,383,,,0x0000,empty
576,384,,,0x8006,headbutt_or_blocked_8006
577,384,,,0x8006,headbutt_or_blocked_8006
578,384,,,0x8006,headbutt_or_blocked_8006
579,384,,,0x8006,headbutt_or_blocked_8006
580,384,,,0x8006,headbutt_or_blocked_8006
581,384,,,0x8006,headbutt_or_blocked_8006
582,384,,,0x8006,headbutt_or_blocked_8006
583,384,,,0x8006,headbutt_or_blocked_8006
584,384,,,0x8006,headbutt_or_blocked_8006
585,384,,,0x8006,headbutt_or_blocked_8006
586,384,,,0x8006,headbutt_or_blocked_8006
587,384,,,0x8006,headbutt_or_blocked_8006
588,384,,,0x8006,headbutt_or_blocked_8006
589,384,,,0x8006,headbutt_or_blocked_8006
590,384,,,0x8006,headbutt_or_blocked_8006
591,384,,,0x8006,headbutt_or_blocked_8006
592,384,,,0x8006,headbutt_or_blocked_8006
593,384,,,0x8006,headbutt_or_blocked_8006
594,384,,,0x8006,headbutt_or_blocked_8006
595,384,,,0x8006,headbutt_or_blocked_8006
596,384,,,0x8006,headbutt_or_blocked_8006
597,384,,,0x8006,headbutt_or_blocked_8006
598,384,,,0x8006,headbutt_or_blocked_8006
599,384,,,0x8006,headbutt_or_blocked_8006
600,384,,,0x8006,headbutt_or_blocked_8006
601,384,,,0x8006,headbutt_or_blocked_8006
602,384,,,0x8006,headbutt_or_blocked_8006
603,384,,,0x8006,headbutt_or_blocked_8006
604,384,,,0x8006,headbutt_or_blocked_8006
605,384,,,0x8006,headbutt_or_blocked_8006
606,384,,,0x8006,headbutt_or_blocked_8006
607,384,,,0x8006,headbutt_or_blocked_8006
608,384,,,0x8006,headbutt_or_blocked_8006
609,384,,,0x8006,headbutt_or_blocked_8006
610,384,,,0x8006,headbutt_or_blocked_8006
611,384,,,0x8006,headbutt_or_blocked_8006
612,384,,,0x8006,headbutt_or_blocked_8006
613,384,,,0x8006,headbutt_or_blocked_8006
614,384,,,0x8006,headbutt_or_blocked_8006
615,384,,,0x8006,headbutt_or_blocked_8006
616,384,,,0x8006,headbutt_or_blocked_8006
617,384,,,0x8006,headbutt_or_blocked_8006
618,384,,,0x8006,headbutt_or_blocked_8006
619,384,,,0x8006,headbutt_or_blocked_8006
620,384,,,0x8006,headbutt_or_blocked_8006
621,384,,,0x8006,headbutt_or_blocked_8006
622,384,,,0x8006,headbutt_or_blocked_8006
623,384,,,0x8006,headbutt_or_blocked_8006
624,384,,,0x8000,blocked_high_bit
625,384,,,0x8000,blocked_high_bit
626,384,,,0x8000,blocked_high_bit
627,384,,,0x8000,blocked_high_bit
628,384,,,0x8000,blocked_high_bit
629,384,,,0x8000,blocked_high_bit
630,384,,,0x8006,headbutt_or_blocked_8006
631,384,,,0x8006,headbutt_or_blocked_8006
632,384,,,0x8006,headbutt_or_blocked_8006
633,384,,,0x8006,headbutt_or_blocked_8006
634,384,,,0x8006,headbutt_or_blocked_8006
635,384,,,0x8006,headbutt_or_blocked_8006
636,384,,,0x8006,headbutt_or_blocked_8006
637,384,,,0x8006,headbutt_or_blocked_8006
638,384,,,0x8006,headbutt_or_blocked_8006
639,384,,,0x8006,headbutt_or_blocked_8006
640,384,,,0x8006,headbutt_or_blocked_8006
641,384,,,0x8006,headbutt_or_blocked_8006
642,384,,,0x8006,headbutt_or_blocked_8006
643,384,,,0x8006,headbutt_or_blocked_8006
644,384,,,0x8006,headbutt_or_blocked_8006
645,384,,,0x8006,headbutt_or_blocked_8006
646,384,,,0x8006,headbutt_or_blocked_8006
647,384,,,0x8006,headbutt_or_blocked_8006
648,384,,,0x8006,headbutt_or_blocked_8006
649,384,,,0x8006,headbutt_or_blocked_8006
650,384,,,0x8006,headbutt_or_blocked_8006
651,384,,,0x8006,headbutt_or_blocked_8006
652,384,,,0x8006,headbutt_or_blocked_8006
653,384,,,0x8006,headbutt_or_blocked_8006
654,384,,,0x8006,headbutt_or_blocked_8006
655,384,,,0x8006,headbutt_or_blocked_8006
656,384,,,0x8006,headbutt_or_blocked_8006
657,384,,,0x8006,headbutt_or_blocked_8006
658,384,,,0x8006,headbutt_or_blocked_8006
659,384,,,0x8006,headbutt_or_blocked_8006
660,384,,,0x8006,headbutt_or_blocked_8006
661,384,,,0x8006,headbutt_or_blocked_8006
662,384,,,0x8006,headbutt_or_blocked_8006
663,384,,,0x8006,headbutt_or_blocked_8006
664,384,,,0x8006,headbutt_or_blocked_8006
665,384,,,0x8006,headbutt_or_blocked_8006
666,384,,,0x8006,headbutt_or_blocked_8006
667,384,,,0x8006,headbutt_or_blocked_8006
668,384,,,0x8006,headbutt_or_blocked_8006
669,384,,,0x8006,headbutt_or_blocked_8006
670,384,,,0x8006,headbutt_or_blocked_8006
671,384,,,0x8006,headbutt_or_blocked_8006
576,385,,,0x8006,headbutt_or_blocked_8006
577,385,,,0x8006,headbutt_or_blocked_8006
578,385,,,0x8006,headbutt_or_blocked_8006
579,385,,,0x8006,headbutt_or_blocked_8006
580,385,,,0x8006,headbutt_or_blocked_8006
581,385,,,0x8006,headbutt_or_blocked_8006
582,385,,,0x8006,headbutt_or_blocked_8006
583,385,,,0x8006,headbutt_or_blocked_8006
584,385,,,0x8006,headbutt_or_blocked_8006
585,385,,,0x8006,headbutt_or_blocked_8006
586,385,,,0x8006,headbutt_or_blocked_8006
587,385,,,0x8006,headbutt_or_blocked_8006
588,385,,,0x8006,headbutt_or_blocked_8006
589,385,,,0x8006,headbutt_or_blocked_8006
590,385,,,0x8006,headbutt_or_blocked_8006
591,385,,,0x8006,headbutt_or_blocked_8006
592,385,,,0x8006,headbutt_or_blocked_8006
593,385,,,0x8006,headbutt_or_blocked_8006
594,385,,,0x8006,headbutt_or_blocked_8006
595,385,,,0x8006,headbutt_or_blocked_8006
596,385,,,0x8006,headbutt_or_blocked_8006
597,385,,,0x8006,headbutt_or_blocked_8006
598,385,,,0x8006,headbutt_or_blocked_8006
599,385,,,0x8006,headbutt_or_blocked_8006
600,385,,,0x8006,headbutt_or_blocked_8006
601,385,,,0x8006,headbutt_or_blocked_8006
602,385,,,0x8006,headbutt_or_blocked_8006
603,385,,,0x8006,headbutt_or_blocked_8006
604,385,,,0x8006,headbutt_or_blocked_8006
605,385,,,0x8006,headbutt_or_blocked_8006
606,385,,,0x8006,headbutt_or_blocked_8006
607,385,,,0x8006,headbutt_or_blocked_8006
608,385,,,0x8006,headbutt_or_blocked_8006
609,385,,,0x8006,headbutt_or_blocked_8006
610,385,,,0x8006,headbutt_or_blocked_8006
611,385,,,0x8006,headbutt_or_blocked_8006
612,385,,,0x8006,headbutt_or_blocked_8006
613,385,,,0x8006,headbutt_or_blocked_8006
614,385,,,0x8006,headbutt_or_blocked_8006
615,385,,,0x8006,headbutt_or_blocked_8006
616,385,,,0x8006,headbutt_or_blocked_8006
617,385,,,0x8006,headbutt_or_blocked_8006
618,385,,,0x8006,headbutt_or_blocked_8006
619,385,,,0x8006,headbutt_or_blocked_8006
620,385,,,0x8006,headbutt_or_blocked_8006
621,385,,,0x8006,headbutt_or_blocked_8006
622,385,,,0x8006,headbutt_or_blocked_8006
623,385,,,0x8006,headbutt_or_blocked_8006
624,385,,,0x8000,blocked_high_bit
625,385,,,0x8000,blocked_high_bit
626,385,,,0x8000,blocked_high_bit
627,385,,,0x8000,blocked_high_bit
628,385,,,0x8000,blocked_high_bit
629,385,,,0x8000,blocked_high_bit
630,385,,,0x8006,headbutt_or_blocked_8006
631,385,,,0x8006,headbutt_or_blocked_8006
632,385,,,0x8006,headbutt_or_blocked_8006
633,385,,,0x8006,headbutt_or_blocked_8006
634,385,,,0x8006,headbutt_or_blocked_8006
635,385,,,0x8006,headbutt_or_blocked_8006
636,385,,,0x8006,headbutt_or_blocked_8006
637,385,,,0x8006,headbutt_or_blocked_8006
638,385,,,0x8006,headbutt_or_blocked_8006
639,385,,,0x8006,headbutt_or_blocked_8006
640,385,,,0x8006,headbutt_or_blocked_8006
641,385,,,0x8006,headbutt_or_blocked_8006
642,385,,,0x8006,headbutt_or_blocked_8006
643,385,,,0x8006,headbutt_or_blocked_8006
644,385,,,0x8006,headbutt_or_blocked_8006
645,385,,,0x8006,headbutt_or_blocked_8006
646,385,,,0x8006,headbutt_or_blocked_8006
647,385,,,0x8006,headbutt_or_blocked_8006
648,385,,,0x8006,headbutt_or_blocked_8006
649,385,,,0x8006,headbutt_or_blocked_8006
650,385,,,0x8006,headbutt_or_blocked_8006
651,385,,,0x8006,headbutt_or_blocked_8006
652,385,,,0x8006,headbutt_or_blocked_8006
653,385,,,0x8006,headbutt_or_blocked_8006
654,385,,,0x8006,headbutt_or_blocked_8006
655,385,,,0x8006,headbutt_or_blocked_8006
656,385,,,0x8006,headbutt_or_blocked_8006
657,385,,,0x8006,headbutt_or_blocked_8006
658,385,,,0x8006,headbutt_or_blocked_8006
659,385,,,0x8006,headbutt_or_blocked_8006
660,385,,,0x8006,headbutt_or_blocked_8006
661,385,,,0x8006,headbutt_or_blocked_8006
662,385,,,0x8006,headbutt_or_blocked_8006
663,385,,,0x8006,headbutt_or_blocked_8006
664,385,,,0x8006,headbutt_or_blocked_8006
665,385,,,0x8006,headbutt_or_blocked_8006
666,385,,,0x8006,headbutt_or_blocked_8006
667,385,,,0x8006,headbutt_or_blocked_8006
668,385,,,0x8006,headbutt_or_blocked_8006
669,385,,,0x8006,headbutt_or_blocked_8006
670,385,,,0x8006,headbutt_or_blocked_8006
671,385,,,0x8006,headbutt_or_blocked_8006
576,386,,,0x8006,headbutt_or_blocked_8006
577,386,,,0x8006,headbutt_or_blocked_8006
578,386,,,0x8006,headbutt_or_blocked_8006
579,386,,,0x8006,headbutt_or_blocked_8006
580,386,,,0x8006,headbutt_or_blocked_8006
581,386,,,0x8006,headbutt_or_blocked_8006
582,386,,,0x8006,headbutt_or_blocked_8006
583,386,,,0x8006,headbutt_or_blocked_8006
584,386,,,0x8006,headbutt_or_blocked_8006
585,386,,,0x8006,headbutt_or_blocked_8006
586,386,,,0x8006,headbutt_or_blocked_8006
587,386,,,0x8006,headbutt_or_blocked_8006
588,386,,,0x8006,headbutt_or_blocked_8006
589,386,,,0x8006,headbutt_or_blocked_8006
590,386,,,0x8006,headbutt_or_blocked_8006
591,386,,,0x8006,headbutt_or_blocked_8006
592,386,,,0x8006,headbutt_or_blocked_8006
593,386,,,0x8006,headbutt_or_blocked_8006
594,386,,,0x8006,headbutt_or_blocked_8006
595,386,,,0x8006,headbutt_or_blocked_8006
596,386,,,0x8006,headbutt_or_blocked_8006
597,386,,,0x8006,headbutt_or_blocked_8006
598,386,,,0x8006,headbutt_or_blocked_8006
599,386,,,0x8006,headbutt_or_blocked_8006
600,386,,,0x8006,headbutt_or_blocked_8006
601,386,,,0x8006,headbutt_or_blocked_8006
602,386,,,0x8006,headbutt_or_blocked_8006
603,386,,,0x8006,headbutt_or_blocked_8006
604,386,,,0x8006,headbutt_or_blocked_8006
605,386,,,0x8006,headbutt_or_blocked_8006
606,386,,,0x8006,headbutt_or_blocked_8006
607,386,,,0x8006,headbutt_or_blocked_8006
608,386,,,0x8006,headbutt_or_blocked_8006
609,386,,,0x8006,headbutt_or_blocked_8006
610,386,,,0x8006,headbutt_or_blocked_8006
611,386,,,0x8006,headbutt_or_blocked_8006
612,386,,,0x8006,headbutt_or_blocked_8006
613,386,,,0x8006,headbutt_or_blocked_8006
614,386,,,0x8006,headbutt_or_blocked_8006
615,386,,,0x8006,headbutt_or_blocked_8006
616,386,,,0x8006,headbutt_or_blocked_8006
617,386,,,0x8006,headbutt_or_blocked_8006
618,386,,,0x8006,headbutt_or_blocked_8006
619,386,,,0x8006,headbutt_or_blocked_8006
620,386,,,0x8006,headbutt_or_blocked_8006
621,386,,,0x8006,headbutt_or_blocked_8006
622,386,,,0x8006,headbutt_or_blocked_8006
623,386,,,0x8006,headbutt_or_blocked_8006
624,386,,,0x8000,blocked_high_bit
625,386,,,0x8000,blocked_high_bit
626,386,,,0x8000,blocked_high_bit
627,386,,,0x8000,blocked_high_bit
628,386,,,0x8000,blocked_high_bit
629,386,,,0x8000,blocked_high_bit
630,386,,,0x8006,headbutt_or_blocked_8006
631,386,,,0x8006,headbutt_or_blocked_8006
632,386,,,0x8006,headbutt_or_blocked_8006
633,386,,,0x8006,headbutt_or_blocked_8006
634,386,,,0x8006,headbutt_or_blocked_8006
635,386,,,0x8006,headbutt_or_blocked_8006
636,386,,,0x8006,headbutt_or_blocked_8006
637,386,,,0x8006,headbutt_or_blocked_8006
638,386,,,0x8006,headbutt_or_blocked_8006
639,386,,,0x8006,headbutt_or_blocked_8006
640,386,,,0x0002,other_permission
641,386,,,0x0002,other_permission
642,386,,,0x0002,other_permission
643,386,,,0x0400,other_permission
644,386,,,0x0400,other_permission
645,386,,,0x0002,other_permission
646,386,,,0x0400,other_permission
647,386,,,0x0400,other_permission
648,386,,,0x0002,other_permission
649,386,,,0x0002,other_permission
650,386,,,0x0400,other_permission
651,386,,,0x0002,other_permission
652,386,,,0x0400,other_permission
653,386,,,0x0400,other_permission
654,386,,,0x0400,other_permission
655,386,,,0x0400,other_permission
656,386,,,0x0400,other_permission
657,386,,,0x0400,other_permission
658,386,,,0x8006,headbutt_or_blocked_8006
659,386,,,0x8006,headbutt_or_blocked_8006
660,386,,,0x8006,headbutt_or_blocked_8006
661,386,,,0x8006,headbutt_or_blocked_8006
662,386,,,0x8006,headbutt_or_blocked_8006
663,386,,,0x8006,headbutt_or_blocked_8006
664,386,,,0x8006,headbutt_or_blocked_8006
665,386,,,0x8006,headbutt_or_blocked_8006
666,386,,,0x8006,headbutt_or_blocked_8006
667,386,,,0x8006,headbutt_or_blocked_8006
668,386,,,0x8006,headbutt_or_blocked_8006
669,386,,,0x8006,headbutt_or_blocked_8006
670,386,,,0x8006,headbutt_or_blocked_8006
671,386,,,0x8006,headbutt_or_blocked_8006
576,387,,,0x8006,headbutt_or_blocked_8006
577,387,,,0x8006,headbutt_or_blocked_8006
578,387,,,0x8006,headbutt_or_blocked_8006
579,387,,,0x8006,headbutt_or_blocked_8006
580,387,,,0x8006,headbutt_or_blocked_8006
581,387,,,0x8006,headbutt_or_blocked_8006
582,387,,,0x8006,headbutt_or_blocked_8006
583,387,,,0x8006,headbutt_or_blocked_8006
584,387,,,0x8006,headbutt_or_blocked_8006
585,387,,,0x8006,headbutt_or_blocked_8006
586,387,,,0x8006,headbutt_or_blocked_8006
587,387,,,0x8006,headbutt_or_blocked_8006
588,387,,,0x8006,headbutt_or_blocked_8006
589,387,,,0x8006,headbutt_or_blocked_8006
590,387,,,0x8006,headbutt_or_blocked_8006
591,387,,,0x8006,headbutt_or_blocked_8006
592,387,,,0x8006,headbutt_or_blocked_8006
593,387,,,0x8006,headbutt_or_blocked_8006
594,387,,,0x8006,headbutt_or_blocked_8006
595,387,,,0x8006,headbutt_or_blocked_8006
596,387,,,0x8006,headbutt_or_blocked_8006
597,387,,,0x8006,headbutt_or_blocked_8006
598,387,,,0x8006,headbutt_or_blocked_8006
599,387,,,0x8006,headbutt_or_blocked_8006
600,387,,,0x8006,headbutt_or_blocked_8006
601,387,,,0x8006,headbutt_or_blocked_8006
602,387,,,0x8006,headbutt_or_blocked_8006
603,387,,,0x8006,headbutt_or_blocked_8006
604,387,,,0x8006,headbutt_or_blocked_8006
605,387,,,0x8006,headbutt_or_blocked_8006
606,387,,,0x8006,headbutt_or_blocked_8006
607,387,,,0x8006,headbutt_or_blocked_8006
608,387,,,0x8006,headbutt_or_blocked_8006
609,387,,,0x8006,headbutt_or_blocked_8006
610,387,,,0x8006,headbutt_or_blocked_8006
611,387,,,0x8006,headbutt_or_blocked_8006
612,387,,,0x8006,headbutt_or_blocked_8006
613,387,,,0x8006,headbutt_or_blocked_8006
614,387,,,0x8006,headbutt_or_blocked_8006
615,387,,,0x8006,headbutt_or_blocked_8006
616,387,,,0x8006,headbutt_or_blocked_8006
617,387,,,0x8006,headbutt_or_blocked_8006
618,387,,,0x8006,headbutt_or_blocked_8006
619,387,,,0x8006,headbutt_or_blocked_8006
620,387,,,0x8006,headbutt_or_blocked_8006
621,387,,,0x8006,headbutt_or_blocked_8006
622,387,,,0x8006,headbutt_or_blocked_8006
623,387,,,0x8006,headbutt_or_blocked_8006
624,387,,,0x8000,blocked_high_bit
625,387,,,0x8000,blocked_high_bit
626,387,,,0x8000,blocked_high_bit
627,387,,,0x8000,blocked_high_bit
628,387,,,0x8000,blocked_high_bit
629,387,,,0x8000,blocked_high_bit
630,387,,,0x8006,headbutt_or_blocked_8006
631,387,,,0x8006,headbutt_or_blocked_8006
632,387,,,0x8006,headbutt_or_blocked_8006
633,387,,,0x8006,headbutt_or_blocked_8006
634,387,,,0x8006,headbutt_or_blocked_8006
635,387,,,0x8006,headbutt_or_blocked_8006
636,387,,,0x8006,headbutt_or_blocked_8006
637,387,,,0x8006,headbutt_or_blocked_8006
638,387,,,0x8006,headbutt_or_blocked_8006
639,387,,,0x8006,headbutt_or_blocked_8006
640,387,,,0x0400,other_permission
641,387,,,0x0400,other_permission
642,387,,,0x0002,other_permission
643,387,,,0x0002,other_permission
644,387,,,0x0002,other_permission
645,387,,,0x0002,other_permission
646,387,,,0x0002,other_permission
647,387,,,0x0002,other_permission
648,387,,,0x0002,other_permission
649,387,,,0x0002,other_permission
650,387,,,0x0002,other_permission
651,387,,,0x0002,other_permission
652,387,,,0x0400,other_permission
653,387,,,0x0400,other_permission
654,387,,,0x0400,other_permission
655,387,,,0x0400,other_permission
656,387,,,0x8006,headbutt_or_blocked_8006
657,387,,,0x8006,headbutt_or_blocked_8006
658,387,,,0x8006,headbutt_or_blocked_8006
659,387,,,0x8006,headbutt_or_blocked_8006
660,387,,,0x8006,headbutt_or_blocked_8006
661,387,,,0x8006,headbutt_or_blocked_8006
662,387,,,0x8006,headbutt_or_blocked_8006
663,387,,,0x8006,headbutt_or_blocked_8006
664,387,,,0x8006,headbutt_or_blocked_8006
665,387,,,0x8006,headbutt_or_blocked_8006
666,387,,,0x8006,headbutt_or_blocked_8006
667,387,,,0x8006,headbutt_or_blocked_8006
668,387,,,0x8006,headbutt_or_blocked_8006
669,387,,,0x8006,headbutt_or_blocked_8006
670,387,,,0x8006,headbutt_or_blocked_8006
671,387,,,0x8006,headbutt_or_blocked_8006
576,388,,,0x8006,headbutt_or_blocked_8006
577,388,,,0x8006,headbutt_or_blocked_8006
578,388,,,0x8006,headbutt_or_blocked_8006
579,388,,,0x8006,headbutt_or_blocked_8006
580,388,,,0x8006,headbutt_or_blocked_8006
581,388,,,0x8006,headbutt_or_blocked_8006
582,388,,,0x8006,headbutt_or_blocked_8006
583,388,,,0x8006,headbutt_or_blocked_8006
584,388,,,0x8006,headbutt_or_blocked_8006
585,388,,,0x8006,headbutt_or_blocked_8006
586,388,,,0x8006,headbutt_or_blocked_8006
587,388,,,0x8006,headbutt_or_blocked_8006
588,388,,,0x8006,headbutt_or_blocked_8006
589,388,,,0x8006,headbutt_or_blocked_8006
590,388,,,0x8006,headbutt_or_blocked_8006
591,388,,,0x8006,headbutt_or_blocked_8006
592,388,,,0x8006,headbutt_or_blocked_8006
593,388,,,0x8006,headbutt_or_blocked_8006
594,388,,,0x8006,headbutt_or_blocked_8006
595,388,,,0x8006,headbutt_or_blocked_8006
596,388,,,0x8006,headbutt_or_blocked_8006
597,388,,,0x8006,headbutt_or_blocked_8006
598,388,,,0x8006,headbutt_or_blocked_8006
599,388,,,0x8006,headbutt_or_blocked_8006
600,388,,,0x8006,headbutt_or_blocked_8006
601,388,,,0x8006,headbutt_or_blocked_8006
602,388,,,0x8006,headbutt_or_blocked_8006
603,388,,,0x8006,headbutt_or_blocked_8006
604,388,,,0x8006,headbutt_or_blocked_8006
605,388,,,0x8006,headbutt_or_blocked_8006
606,388,,,0x8006,headbutt_or_blocked_8006
607,388,,,0x8006,headbutt_or_blocked_8006
608,388,,,0x8006,headbutt_or_blocked_8006
609,388,,,0x8006,headbutt_or_blocked_8006
610,388,,,0x8006,headbutt_or_blocked_8006
611,388,,,0x8006,headbutt_or_blocked_8006
612,388,,,0x8006,headbutt_or_blocked_8006
613,388,,,0x8006,headbutt_or_blocked_8006
614,388,,,0x8006,headbutt_or_blocked_8006
615,388,,,0x8006,headbutt_or_blocked_8006
616,388,,,0x8006,headbutt_or_blocked_8006
617,388,,,0x8006,headbutt_or_blocked_8006
618,388,,,0x8006,headbutt_or_blocked_8006
619,388,,,0x8006,headbutt_or_blocked_8006
620,388,,,0x8006,headbutt_or_blocked_8006
621,388,,,0x8006,headbutt_or_blocked_8006
622,388,,,0x8006,headbutt_or_blocked_8006
623,388,,,0x8006,headbutt_or_blocked_8006
624,388,,,0x8000,blocked_high_bit
625,388,,,0x8000,blocked_high_bit
626,388,,,0x8000,blocked_high_bit
627,388,,,0x8000,blocked_high_bit
628,388,,,0x8000,blocked_high_bit
629,388,,,0x8000,blocked_high_bit
630,388,,,0x8006,headbutt_or_blocked_8006
631,388,,,0x8006,headbutt_or_blocked_8006
632,388,,,0x8006,headbutt_or_blocked_8006
633,388,,,0x8006,headbutt_or_blocked_8006
634,388,,,0x8006,headbutt_or_blocked_8006
635,388,,,0x8006,headbutt_or_blocked_8006
636,388,,,0x8006,headbutt_or_blocked_8006
637,388,,,0x8006,headbutt_or_blocked_8006
638,388,,,0x8006,headbutt_or_blocked_8006
639,388,,,0x8006,headbutt_or_blocked_8006
640,388,,,0x0002,other_permission
641,388,,,0x0002,other_permission
642,388,,,0x0002,other_permission
643,388,,,0x0002,other_permission
644,388,,,0x0002,other_permission
645,388,,,0x0002,other_permission
646,388,,,0x0002,other_permission
647,388,,,0x0002,other_permission
648,388,,,0x0002,other_permission
649,388,,,0x0002,other_permission
650,388,,,0x0002,other_permission
651,388,,,0x0002,other_permission
652,388,,,0x0002,other_permission
653,388,,,0x0400,other_permission
654,388,,,0x0400,other_permission
655,388,,,0x0400,other_permission
656,388,,,0x8006,headbutt_or_blocked_8006
657,388,,,0x8006,headbutt_or_blocked_8006
658,388,,,0x8006,headbutt_or_blocked_8006
659,388,,,0x8006,headbutt_or_blocked_8006
660,388,,,0x8006,headbutt_or_blocked_8006
661,388,,,0x8006,headbutt_or_blocked_8006
662,388,,,0x8006,headbutt_or_blocked_8006
663,388,,,0x8006,headbutt_or_blocked_8006
664,388,,,0x8006,headbutt_or_blocked_8006
665,388,,,0x8006,headbutt_or_blocked_8006
666,388,,,0x8006,headbutt_or_blocked_8006
667,388,,,0x8006,headbutt_or_blocked_8006
668,388,,,0x8006,headbutt_or_blocked_8006
669,388,,,0x8006,headbutt_or_blocked_8006
670,388,,,0x8006,headbutt_or_blocked_8006
671,388,,,0x8006,headbutt_or_blocked_8006
576,389,,,0x8006,headbutt_or_blocked_8006
577,389,,,0x8006,headbutt_or_blocked_8006
578,389,,,0x8006,headbutt_or_blocked_8006
579,389,,,0x8006,headbutt_or_blocked_8006
580,389,,,0x8006,headbutt_or_blocked_8006
581,389,,,0x8006,headbutt_or_blocked_8006
582,389,,,0x8006,headbutt_or_blocked_8006
583,389,,,0x8006,headbutt_or_blocked_8006
584,389,,,0x8006,headbutt_or_blocked_8006
585,389,,,0x8006,headbutt_or_blocked_8006
586,389,,,0x8006,headbutt_or_blocked_8006
587,389,,,0x8006,headbutt_or_blocked_8006
588,389,,,0x8006,headbutt_or_blocked_8006
589,389,,,0x8006,headbutt_or_blocked_8006
590,389,,,0x8006,headbutt_or_blocked_8006
591,389,,,0x8006,headbutt_or_blocked_8006
592,389,,,0x8006,headbutt_or_blocked_8006
593,389,,,0x8006,headbutt_or_blocked_8006
594,389,,,0x8006,headbutt_or_blocked_8006
595,389,,,0x8006,headbutt_or_blocked_8006
596,389,,,0x8006,headbutt_or_blocked_8006
597,389,,,0x8006,headbutt_or_blocked_8006
598,389,,,0x8006,headbutt_or_blocked_8006
599,389,,,0x8006,headbutt_or_blocked_8006
600,389,,,0x8006,headbutt_or_blocked_8006
601,389,,,0x8006,headbutt_or_blocked_8006
602,389,,,0x8006,headbutt_or_blocked_8006
603,389,,,0x8006,headbutt_or_blocked_8006
604,389,,,0x8006,headbutt_or_blocked_8006
605,389,,,0x8006,headbutt_or_blocked_8006
606,389,,,0x8006,headbutt_or_blocked_8006
607,389,,,0x8006,headbutt_or_blocked_8006
608,389,,,0x8006,headbutt_or_blocked_8006
609,389,,,0x8006,headbutt_or_blocked_8006
610,389,,,0x8006,headbutt_or_blocked_8006
611,389,,,0x8006,headbutt_or_blocked_8006
612,389,,,0x8006,headbutt_or_blocked_8006
613,389,,,0x8006,headbutt_or_blocked_8006
614,389,,,0x8006,headbutt_or_blocked_8006
615,389,,,0x8006,headbutt_or_blocked_8006
616,389,,,0x8006,headbutt_or_blocked_8006
617,389,,,0x8006,headbutt_or_blocked_8006
618,389,,,0x8006,headbutt_or_blocked_8006
619,389,,,0x8006,headbutt_or_blocked_8006
620,389,,,0x8006,headbutt_or_blocked_8006
621,389,,,0x8006,headbutt_or_blocked_8006
622,389,,,0x8006,headbutt_or_blocked_8006
623,389,,,0x8006,headbutt_or_blocked_8006
624,389,,,0x8000,blocked_high_bit
625,389,,,0x8000,blocked_high_bit
626,389,,,0x066e,other_permission
627,389,,,0x066e,other_permission
628,389,,,0x8000,blocked_high_bit
629,389,,,0x8000,blocked_high_bit
630,389,,,0x8006,headbutt_or_blocked_8006
631,389,,,0x8006,headbutt_or_blocked_8006
632,389,,,0x8006,headbutt_or_blocked_8006
633,389,,,0x8006,headbutt_or_blocked_8006
634,389,,,0x8006,headbutt_or_blocked_8006
635,389,,,0x8006,headbutt_or_blocked_8006
636,389,,,0x8006,headbutt_or_blocked_8006
637,389,,,0x8006,headbutt_or_blocked_8006
638,389,,,0x8006,headbutt_or_blocked_8006
639,389,,,0x8006,headbutt_or_blocked_8006
640,389,,,0x0400,other_permission
641,389,,,0x0002,other_permission
642,389,,,0x0002,other_permission
643,389,,,0x0002,other_permission
644,389,,,0x0002,other_permission
645,389,,,0x0002,other_permission
646,389,,,0x0002,other_permission
647,389,,,0x0002,other_permission
648,389,,,0x8006,headbutt_or_blocked_8006
649,389,,,0x8006,headbutt_or_blocked_8006
650,389,,,0x8006,headbutt_or_blocked_8006
651,389,,,0x8006,headbutt_or_blocked_8006
652,389,,,0x8006,headbutt_or_blocked_8006
653,389,,,0x8006,headbutt_or_blocked_8006
654,389,,,0x8006,headbutt_or_blocked_8006
655,389,,,0x8006,headbutt_or_blocked_8006
656,389,,,0x8006,headbutt_or_blocked_8006
657,389,,,0x8006,headbutt_or_blocked_8006
658,389,,,0x8006,headbutt_or_blocked_8006
659,389,,,0x8006,headbutt_or_blocked_8006
660,389,,,0x8006,headbutt_or_blocked_8006
661,389,,,0x8006,headbutt_or_blocked_8006
662,389,,,0x8006,headbutt_or_blocked_8006
663,389,,,0x8006,headbutt_or_blocked_8006
664,389,,,0x8006,headbutt_or_blocked_8006
665,389,,,0x8006,headbutt_or_blocked_8006
666,389,,,0x8006,headbutt_or_blocked_8006
667,389,,,0x8006,headbutt_or_blocked_8006
668,389,,,0x8006,headbutt_or_blocked_8006
669,389,,,0x8006,headbutt_or_blocked_8006
670,389,,,0x8006,headbutt_or_blocked_8006
671,389,,,0x8006,headbutt_or_blocked_8006
576,390,,,0x8006,headbutt_or_blocked_8006
577,390,,,0x8006,headbutt_or_blocked_8006
578,390,,,0x8006,headbutt_or_blocked_8006
579,390,,,0x8006,headbutt_or_blocked_8006
580,390,,,0x8006,headbutt_or_blocked_8006
581,390,,,0x8006,headbutt_or_blocked_8006
582,390,,,0x8006,headbutt_or_blocked_8006
583,390,,,0x8006,headbutt_or_blocked_8006
584,390,,,0x8006,headbutt_or_blocked_8006
585,390,,,0x8006,headbutt_or_blocked_8006
586,390,,,0x8006,headbutt_or_blocked_8006
587,390,,,0x8006,headbutt_or_blocked_8006
588,390,,,0x8006,headbutt_or_blocked_8006
589,390,,,0x8006,headbutt_or_blocked_8006
590,390,,,0x8006,headbutt_or_blocked_8006
591,390,,,0x8006,headbutt_or_blocked_8006
592,390,,,0x8006,headbutt_or_blocked_8006
593,390,,,0x8006,headbutt_or_blocked_8006
594,390,,,0x0400,other_permission
595,390,,,0x0400,other_permission
596,390,,,0x0400,other_permission
597,390,,,0x0400,other_permission
598,390,,,0x0400,other_permission
599,390,,,0x0400,other_permission
600,390,,,0x0400,other_permission
601,390,,,0x0400,other_permission
602,390,,,0x0400,other_permission
603,390,,,0x8038,blocked_high_bit
604,390,,,0x0400,other_permission
605,390,,,0x0400,other_permission
606,390,,,0x0400,other_permission
607,390,,,0x0400,other_permission
608,390,,,0x0400,other_permission
609,390,,,0x0400,other_permission
610,390,,,0x0400,other_permission
611,390,,,0x0400,other_permission
612,390,,,0x0400,other_permission
613,390,,,0x0400,other_permission
614,390,,,0x8006,headbutt_or_blocked_8006
615,390,,,0x8006,headbutt_or_blocked_8006
616,390,,,0x8006,headbutt_or_blocked_8006
617,390,,,0x8006,headbutt_or_blocked_8006
618,390,,,0x8006,headbutt_or_blocked_8006
619,390,,,0x8006,headbutt_or_blocked_8006
620,390,,,0x0400,other_permission
621,390,,,0x0400,other_permission
622,390,,,0x0400,other_permission
623,390,,,0x0400,other_permission
624,390,,,0x0400,other_permission
625,390,,,0x0400,other_permission
626,390,,,0x0400,other_permission
627,390,,,0x0400,other_permission
628,390,,,0x0400,other_permission
629,390,,,0x0400,other_permission
630,390,,,0x8006,headbutt_or_blocked_8006
631,390,,,0x8006,headbutt_or_blocked_8006
632,390,,,0x8006,headbutt_or_blocked_8006
633,390,,,0x8006,headbutt_or_blocked_8006
634,390,,,0x0002,other_permission
635,390,,,0x0002,other_permission
636,390,,,0x0002,other_permission
637,390,,,0x0002,other_permission
638,390,,,0x0400,other_permission
639,390,,,0x0400,other_permission
640,390,,,0x0002,other_permission
641,390,,,0x0002,other_permission
642,390,,,0x0002,other_permission
643,390,,,0x0002,other_permission
644,390,,,0x0002,other_permission
645,390,,,0x0002,other_permission
646,390,,,0x0002,other_permission
647,390,,,0x0002,other_permission
648,390,,,0x8006,headbutt_or_blocked_8006
649,390,,,0x8006,headbutt_or_blocked_8006
650,390,,,0x8006,headbutt_or_blocked_8006
651,390,,,0x8006,headbutt_or_blocked_8006
652,390,,,0x8006,headbutt_or_blocked_8006
653,390,,,0x8006,headbutt_or_blocked_8006
654,390,,,0x8006,headbutt_or_blocked_8006
655,390,,,0x8006,headbutt_or_blocked_8006
656,390,,,0x8006,headbutt_or_blocked_8006
657,390,,,0x8006,headbutt_or_blocked_8006
658,390,,,0x8006,headbutt_or_blocked_8006
659,390,,,0x8006,headbutt_or_blocked_8006
660,390,,,0x8006,headbutt_or_blocked_8006
661,390,,,0x8006,headbutt_or_blocked_8006
662,390,,,0x8006,headbutt_or_blocked_8006
663,390,,,0x8006,headbutt_or_blocked_8006
664,390,,,0x8006,headbutt_or_blocked_8006
665,390,,,0x8006,headbutt_or_blocked_8006
666,390,,,0x8006,headbutt_or_blocked_8006
667,390,,,0x8006,headbutt_or_blocked_8006
668,390,,,0x8006,headbutt_or_blocked_8006
669,390,,,0x8006,headbutt_or_blocked_8006
670,390,,,0x8006,headbutt_or_blocked_8006
671,390,,,0x8006,headbutt_or_blocked_8006
576,391,,,0x8006,headbutt_or_blocked_8006
577,391,,,0x8006,headbutt_or_blocked_8006
578,391,,,0x8006,headbutt_or_blocked_8006
579,391,,,0x8006,headbutt_or_blocked_8006
580,391,,,0x8006,headbutt_or_blocked_8006
581,391,,,0x8006,headbutt_or_blocked_8006
582,391,,,0x8006,headbutt_or_blocked_8006
583,391,,,0x8006,headbutt_or_blocked_8006
584,391,,,0x8006,headbutt_or_blocked_8006
585,391,,,0x8006,headbutt_or_blocked_8006
586,391,,,0x8006,headbutt_or_blocked_8006
587,391,,,0x8006,headbutt_or_blocked_8006
588,391,,,0x8006,headbutt_or_blocked_8006
589,391,,,0x8006,headbutt_or_blocked_8006
590,391,,,0x8006,headbutt_or_blocked_8006
591,391,,,0x8006,headbutt_or_blocked_8006
592,391,,,0x8006,headbutt_or_blocked_8006
593,391,,,0x8006,headbutt_or_blocked_8006
594,391,,,0x0400,other_permission
595,391,,,0x0400,other_permission
596,391,,,0x0400,other_permission
597,391,,,0x0400,other_permission
598,391,,,0x0400,other_permission
599,391,,,0x0400,other_permission
600,391,,,0x0400,other_permission
601,391,,,0x0400,other_permission
602,391,,,0x0400,other_permission
603,391,,,0x8038,blocked_high_bit
604,391,,,0x0400,other_permission
605,391,,,0x0400,other_permission
606,391,,,0x0400,other_permission
607,391,,,0x0400,other_permission
608,391,,,0x0400,other_permission
609,391,,,0x0400,other_permission
610,391,,,0x0400,other_permission
611,391,,,0x0400,other_permission
612,391,,,0x0400,other_permission
613,391,,,0x0400,other_permission
614,391,,,0x8006,headbutt_or_blocked_8006
615,391,,,0x8006,headbutt_or_blocked_8006
616,391,,,0x8006,headbutt_or_blocked_8006
617,391,,,0x8006,headbutt_or_blocked_8006
618,391,,,0x8006,headbutt_or_blocked_8006
619,391,,,0x8006,headbutt_or_blocked_8006
620,391,,,0x0400,other_permission
621,391,,,0x0400,other_permission
622,391,,,0x0400,other_permission
623,391,,,0x0400,other_permission
624,391,,,0x0400,other_permission
625,391,,,0x0400,other_permission
626,391,,,0x0400,other_permission
627,391,,,0x0400,other_permission
628,391,,,0x0400,other_permission
629,391,,,0x0400,other_permission
630,391,,,0x8006,headbutt_or_blocked_8006
631,391,,,0x8006,headbutt_or_blocked_8006
632,391,,,0x8006,headbutt_or_blocked_8006
633,391,,,0x8006,headbutt_or_blocked_8006
634,391,,,0x0002,other_permission
635,391,,,0x0002,other_permission
636,391,,,0x0002,other_permission
637,391,,,0x0002,other_permission
638,391,,,0x0400,other_permission
639,391,,,0x0400,other_permission
640,391,,,0x0002,other_permission
641,391,,,0x0002,other_permission
642,391,,,0x0002,other_permission
643,391,,,0x0002,other_permission
644,391,,,0x0002,other_permission
645,391,,,0x0002,other_permission
646,391,,,0x0002,other_permission
647,391,,,0x0002,other_permission
648,391,,,0x8006,headbutt_or_blocked_8006
649,391,,,0x8006,headbutt_or_blocked_8006
650,391,,,0x8006,headbutt_or_blocked_8006
651,391,,,0x8006,headbutt_or_blocked_8006
652,391,,,0x8006,headbutt_or_blocked_8006
653,391,,,0x8006,headbutt_or_blocked_8006
654,391,,,0x8006,headbutt_or_blocked_8006
655,391,,,0x8006,headbutt_or_blocked_8006
656,391,,,0x8006,headbutt_or_blocked_8006
657,391,,,0x8006,headbutt_or_blocked_8006
658,391,,,0x8006,headbutt_or_blocked_8006
659,391,,,0x8006,headbutt_or_blocked_8006
660,391,,,0x8006,headbutt_or_blocked_8006
661,391,,,0x8006,headbutt_or_blocked_8006
662,391,,,0x8006,headbutt_or_blocked_8006
663,391,,,0x8006,headbutt_or_blocked_8006
664,391,,,0x8006,headbutt_or_blocked_8006
665,391,,,0x8006,headbutt_or_blocked_8006
666,391,,,0x8006,headbutt_or_blocked_8006
667,391,,,0x8006,headbutt_or_blocked_8006
668,391,,,0x8006,headbutt_or_blocked_8006
669,391,,,0x8006,headbutt_or_blocked_8006
670,391,,,0x8006,headbutt_or_blocked_8006
671,391,,,0x8006,headbutt_or_blocked_8006
576,392,,,0x8006,headbutt_or_blocked_8006
577,392,,,0x8006,headbutt_or_blocked_8006
578,392,,,0x8006,headbutt_or_blocked_8006
579,392,,,0x8006,headbutt_or_blocked_8006
580,392,,,0x8006,headbutt_or_blocked_8006
581,392,,,0x8006,headbutt_or_blocked_8006
582,392,,,0x8006,headbutt_or_blocked_8006
583,392,,,0x8006,headbutt_or_blocked_8006
584,392,,,0x8006,headbutt_or_blocked_8006
585,392,,,0x8006,headbutt_or_blocked_8006
586,392,,,0x8006,headbutt_or_blocked_8006
587,392,,,0x8006,headbutt_or_blocked_8006
588,392,,,0x8006,headbutt_or_blocked_8006
589,392,,,0x8006,headbutt_or_blocked_8006
590,392,,,0x0400,other_permission
591,392,,,0x0400,other_permission
592,392,,,0x0400,other_permission
593,392,,,0x0400,other_permission
594,392,,,0x0400,other_permission
595,392,,,0x0400,other_permission
596,392,,,0x0400,other_permission
597,392,,,0x0400,other_permission
598,392,,,0x0400,other_permission
599,392,,,0x0400,other_permission
600,392,,,0x0400,other_permission
601,392,,,0x0400,other_permission
602,392,,,0x0400,other_permission
603,392,,,0x8038,blocked_high_bit
604,392,,,0x0002,other_permission
605,392,,,0x0002,other_permission
606,392,,,0x0002,other_permission
607,392,,,0x0002,other_permission
608,392,,,0x0002,other_permission
609,392,,,0x0002,other_permission
610,392,,,0x0400,other_permission
611,392,,,0x0400,other_permission
612,392,,,0x0400,other_permission
613,392,,,0x0400,other_permission
614,392,,,0x0400,other_permission
615,392,,,0x0400,other_permission
616,392,,,0x8006,headbutt_or_blocked_8006
617,392,,,0x8006,headbutt_or_blocked_8006
618,392,,,0x8006,headbutt_or_blocked_8006
619,392,,,0x8006,headbutt_or_blocked_8006
620,392,,,0x0400,other_permission
621,392,,,0x0400,other_permission
622,392,,,0x0400,other_permission
623,392,,,0x0400,other_permission
624,392,,,0x0400,other_permission
625,392,,,0x0400,other_permission
626,392,,,0x0400,other_permission
627,392,,,0x0400,other_permission
628,392,,,0x0400,other_permission
629,392,,,0x0400,other_permission
630,392,,,0x8006,headbutt_or_blocked_8006
631,392,,,0x8006,headbutt_or_blocked_8006
632,392,,,0x8006,headbutt_or_blocked_8006
633,392,,,0x8006,headbutt_or_blocked_8006
634,392,,,0x0002,other_permission
635,392,,,0x0002,other_permission
636,392,,,0x0002,other_permission
637,392,,,0x0002,other_permission
638,392,,,0x0400,other_permission
639,392,,,0x0400,other_permission
640,392,,,0x0002,other_permission
641,392,,,0x0002,other_permission
642,392,,,0x0002,other_permission
643,392,,,0x0002,other_permission
644,392,,,0x0002,other_permission
645,392,,,0x0002,other_permission
646,392,,,0x0002,other_permission
647,392,,,0x0002,other_permission
648,392,,,0x8006,headbutt_or_blocked_8006
649,392,,,0x8006,headbutt_or_blocked_8006
650,392,,,0x8006,headbutt_or_blocked_8006
651,392,,,0x8006,headbutt_or_blocked_8006
652,392,,,0x8006,headbutt_or_blocked_8006
653,392,,,0x8006,headbutt_or_blocked_8006
654,392,,,0x8006,headbutt_or_blocked_8006
655,392,,,0x8006,headbutt_or_blocked_8006
656,392,,,0x8006,headbutt_or_blocked_8006
657,392,,,0x8006,headbutt_or_blocked_8006
658,392,,,0x8006,headbutt_or_blocked_8006
659,392,,,0x8006,headbutt_or_blocked_8006
660,392,,,0x8006,headbutt_or_blocked_8006
661,392,,,0x8006,headbutt_or_blocked_8006
662,392,,,0x8006,headbutt_or_blocked_8006
663,392,,,0x8006,headbutt_or_blocked_8006
664,392,,,0x8006,headbutt_or_blocked_8006
665,392,,,0x8006,headbutt_or_blocked_8006
666,392,,,0x8006,headbutt_or_blocked_8006
667,392,,,0x8006,headbutt_or_blocked_8006
668,392,,,0x8006,headbutt_or_blocked_8006
669,392,,,0x8006,headbutt_or_blocked_8006
670,392,,,0x8006,headbutt_or_blocked_8006
671,392,,,0x8006,headbutt_or_blocked_8006
576,393,,,0x8006,headbutt_or_blocked_8006
577,393,,,0x8006,headbutt_or_blocked_8006
578,393,,,0x8006,headbutt_or_blocked_8006
579,393,,,0x8006,headbutt_or_blocked_8006
580,393,,,0x8006,headbutt_or_blocked_8006
581,393,,,0x8006,headbutt_or_blocked_8006
582,393,,,0x8006,headbutt_or_blocked_8006
583,393,,,0x8006,headbutt_or_blocked_8006
584,393,,,0x8006,headbutt_or_blocked_8006
585,393,,,0x8006,headbutt_or_blocked_8006
586,393,,,0x8006,headbutt_or_blocked_8006
587,393,,,0x8006,headbutt_or_blocked_8006
588,393,,,0x8006,headbutt_or_blocked_8006
589,393,,,0x8006,headbutt_or_blocked_8006
590,393,,,0x0400,other_permission
591,393,,,0x0400,other_permission
592,393,,,0x0400,other_permission
593,393,,,0x0400,other_permission
594,393,,,0x0400,other_permission
595,393,,,0x0400,other_permission
596,393,,,0x0400,other_permission
597,393,,,0x0400,other_permission
598,393,,,0x0400,other_permission
599,393,,,0x0400,other_permission
600,393,,,0x0400,other_permission
601,393,,,0x0400,other_permission
602,393,,,0x0400,other_permission
603,393,,,0x8038,blocked_high_bit
604,393,,,0x0002,other_permission
605,393,,,0x0002,other_permission
606,393,,,0x0002,other_permission
607,393,,,0x0002,other_permission
608,393,,,0x0002,other_permission
609,393,,,0x0002,other_permission
610,393,,,0x0002,other_permission
611,393,,,0x0400,other_permission
612,393,,,0x0400,other_permission
613,393,,,0x0400,other_permission
614,393,,,0x0400,other_permission
615,393,,,0x0400,other_permission
616,393,,,0x8006,headbutt_or_blocked_8006
617,393,,,0x8006,headbutt_or_blocked_8006
618,393,,,0x8006,headbutt_or_blocked_8006
619,393,,,0x8006,headbutt_or_blocked_8006
620,393,,,0x0400,other_permission
621,393,,,0x0400,other_permission
622,393,,,0x0400,other_permission
623,393,,,0x0400,other_permission
624,393,,,0x0400,other_permission
625,393,,,0x0400,other_permission
626,393,,,0x0400,other_permission
627,393,,,0x0400,other_permission
628,393,,,0x0400,other_permission
629,393,,,0x0400,other_permission
630,393,,,0x8006,headbutt_or_blocked_8006
631,393,,,0x8006,headbutt_or_blocked_8006
632,393,,,0x8006,headbutt_or_blocked_8006
633,393,,,0x8006,headbutt_or_blocked_8006
634,393,,,0x0002,other_permission
635,393,,,0x0002,other_permission
636,393,,,0x0002,other_permission
637,393,,,0x0002,other_permission
638,393,,,0x0002,other_permission
639,393,,,0x0002,other_permission
640,393,,,0x8006,headbutt_or_blocked_8006
641,393,,,0x8006,headbutt_or_blocked_8006
642,393,,,0x8006,headbutt_or_blocked_8006
643,393,,,0x8006,headbutt_or_blocked_8006
644,393,,,0x0400,other_permission
645,393,,,0x0400,other_permission
646,393,,,0x0400,other_permission
647,393,,,0x0400,other_permission
648,393,,,0x8006,headbutt_or_blocked_8006
649,393,,,0x8006,headbutt_or_blocked_8006
650,393,,,0x8006,headbutt_or_blocked_8006
651,393,,,0x8006,headbutt_or_blocked_8006
652,393,,,0x8006,headbutt_or_blocked_8006
653,393,,,0x8006,headbutt_or_blocked_8006
654,393,,,0x8006,headbutt_or_blocked_8006
655,393,,,0x8006,headbutt_or_blocked_8006
656,393,,,0x8006,headbutt_or_blocked_8006
657,393,,,0x8006,headbutt_or_blocked_8006
658,393,,,0x8006,headbutt_or_blocked_8006
659,393,,,0x8006,headbutt_or_blocked_8006
660,393,,,0x8006,headbutt_or_blocked_8006
661,393,,,0x8006,headbutt_or_blocked_8006
662,393,,,0x8006,headbutt_or_blocked_8006
663,393,,,0x8006,headbutt_or_blocked_8006
664,393,,,0x8006,headbutt_or_blocked_8006
665,393,,,0x8006,headbutt_or_blocked_8006
666,393,,,0x8006,headbutt_or_blocked_8006
667,393,,,0x8006,headbutt_or_blocked_8006
668,393,,,0x8006,headbutt_or_blocked_8006
669,393,,,0x8006,headbutt_or_blocked_8006
670,393,,,0x8006,headbutt_or_blocked_8006
671,393,,,0x8006,headbutt_or_blocked_8006
576,394,,,0x8006,headbutt_or_blocked_8006
577,394,,,0x8006,headbutt_or_blocked_8006
578,394,,,0x8006,headbutt_or_blocked_8006
579,394,,,0x8006,headbutt_or_blocked_8006
580,394,,,0x0400,other_permission
581,394,,,0x0400,other_permission
582,394,,,0x0400,other_permission
583,394,,,0x0400,other_permission
584,394,,,0x8006,headbutt_or_blocked_8006
585,394,,,0x8006,headbutt_or_blocked_8006
586,394,,,0x8006,headbutt_or_blocked_8006
587,394,,,0x8006,headbutt_or_blocked_8006
588,394,,,0x8006,headbutt_or_blocked_8006
589,394,,,0x8006,headbutt_or_blocked_8006
590,394,,,0x0400,other_permission
591,394,,,0x0400,other_permission
592,394,,,0x0400,other_permission
593,394,,,0x0400,other_permission
594,394,,,0x0400,other_permission
595,394,,,0x0400,other_permission
596,394,,,0x0400,other_permission
597,394,,,0x0400,other_permission
598,394,,,0x0400,other_permission
599,394,,,0x0400,other_permission
600,394,,,0x0400,other_permission
601,394,,,0x0400,other_permission
602,394,,,0x0400,other_permission
603,394,,,0x8038,blocked_high_bit
604,394,,,0x0002,other_permission
605,394,,,0x0002,other_permission
606,394,,,0x0002,other_permission
607,394,,,0x0002,other_permission
608,394,,,0x0002,other_permission
609,394,,,0x0002,other_permission
610,394,,,0x0002,other_permission
611,394,,,0x0002,other_permission
612,394,,,0x0400,other_permission
613,394,,,0x0400,other_permission
614,394,,,0x0400,other_permission
615,394,,,0x0400,other_permission
616,394,,,0x0400,other_permission
617,394,,,0x0400,other_permission
618,394,,,0x0400,other_permission
619,394,,,0x0400,other_permission
620,394,,,0x0400,other_permission
621,394,,,0x0400,other_permission
622,394,,,0x0400,other_permission
623,394,,,0x0400,other_permission
624,394,,,0x0400,other_permission
625,394,,,0x0400,other_permission
626,394,,,0x0400,other_permission
627,394,,,0x0400,other_permission
628,394,,,0x0400,other_permission
629,394,,,0x0400,other_permission
630,394,,,0x8006,headbutt_or_blocked_8006
631,394,,,0x8006,headbutt_or_blocked_8006
632,394,,,0x8006,headbutt_or_blocked_8006
633,394,,,0x8006,headbutt_or_blocked_8006
634,394,,,0x0002,other_permission
635,394,,,0x0002,other_permission
636,394,,,0x0002,other_permission
637,394,,,0x0002,other_permission
638,394,,,0x0002,other_permission
639,394,,,0x0002,other_permission
640,394,,,0x8006,headbutt_or_blocked_8006
641,394,,,0x8006,headbutt_or_blocked_8006
642,394,,,0x8006,headbutt_or_blocked_8006
643,394,,,0x8006,headbutt_or_blocked_8006
644,394,,,0x0400,other_permission
645,394,,,0x0400,other_permission
646,394,,,0x0400,other_permission
647,394,,,0x0400,other_permission
648,394,,,0x8006,headbutt_or_blocked_8006
649,394,,,0x8006,headbutt_or_blocked_8006
650,394,,,0x8006,headbutt_or_blocked_8006
651,394,,,0x8006,headbutt_or_blocked_8006
652,394,,,0x8006,headbutt_or_blocked_8006
653,394,,,0x8006,headbutt_or_blocked_8006
654,394,,,0x8006,headbutt_or_blocked_8006
655,394,,,0x8006,headbutt_or_blocked_8006
656,394,,,0x8006,headbutt_or_blocked_8006
657,394,,,0x8006,headbutt_or_blocked_8006
658,394,,,0x8006,headbutt_or_blocked_8006
659,394,,,0x8006,headbutt_or_blocked_8006
660,394,,,0x0400,other_permission
661,394,,,0x0400,other_permission
662,394,,,0x0400,other_permission
663,394,,,0x0400,other_permission
664,394,,,0x0400,other_permission
665,394,,,0x0400,other_permission
666,394,,,0x8006,headbutt_or_blocked_8006
667,394,,,0x8006,headbutt_or_blocked_8006
668,394,,,0x8006,headbutt_or_blocked_8006
669,394,,,0x8006,headbutt_or_blocked_8006
670,394,,,0x8006,headbutt_or_blocked_8006
671,394,,,0x8006,headbutt_or_blocked_8006
576,395,,,0x8006,headbutt_or_blocked_8006
577,395,,,0x8006,headbutt_or_blocked_8006
578,395,,,0x8006,headbutt_or_blocked_8006
579,395,,,0x8006,headbutt_or_blocked_8006
580,395,,,0x0400,other_permission
581,395,,,0x0400,other_permission
582,395,,,0x0400,other_permission
583,395,,,0x0400,other_permission
584,395,,,0x8006,headbutt_or_blocked_8006
585,395,,,0x8006,headbutt_or_blocked_8006
586,395,,,0x8006,headbutt_or_blocked_8006
587,395,,,0x8006,headbutt_or_blocked_8006
588,395,,,0x8006,headbutt_or_blocked_8006
589,395,,,0x8006,headbutt_or_blocked_8006
590,395,,,0x0400,other_permission
591,395,,,0x0400,other_permission
592,395,,,0x0400,other_permission
593,395,,,0x0400,other_permission
594,395,,,0x0400,other_permission
595,395,,,0x0400,other_permission
596,395,,,0x0400,other_permission
597,395,,,0x0400,other_permission
598,395,,,0x0400,other_permission
599,395,,,0x0400,other_permission
600,395,,,0x0400,other_permission
601,395,,,0x0400,other_permission
602,395,,,0x0400,other_permission
603,395,,,0x8038,blocked_high_bit
604,395,,,0x0002,other_permission
605,395,,,0x0002,other_permission
606,395,,,0x0002,other_permission
607,395,,,0x0002,other_permission
608,395,,,0x0002,other_permission
609,395,,,0x0002,other_permission
610,395,,,0x0002,other_permission
611,395,,,0x0002,other_permission
612,395,,,0x8006,headbutt_or_blocked_8006
613,395,,,0x8006,headbutt_or_blocked_8006
614,395,,,0x0400,other_permission
615,395,,,0x0400,other_permission
616,395,,,0x0400,other_permission
617,395,,,0x0400,other_permission
618,395,,,0x0400,other_permission
619,395,,,0x0400,other_permission
620,395,,,0x0400,other_permission
621,395,,,0x0400,other_permission
622,395,,,0x0400,other_permission
623,395,,,0x0400,other_permission
624,395,,,0x0400,other_permission
625,395,,,0x0400,other_permission
626,395,,,0x0400,other_permission
627,395,,,0x0400,other_permission
628,395,,,0x0400,other_permission
629,395,,,0x0400,other_permission
630,395,,,0x8006,headbutt_or_blocked_8006
631,395,,,0x8006,headbutt_or_blocked_8006
632,395,,,0x8006,headbutt_or_blocked_8006
633,395,,,0x8006,headbutt_or_blocked_8006
634,395,,,0x0002,other_permission
635,395,,,0x0002,other_permission
636,395,,,0x0002,other_permission
637,395,,,0x0002,other_permission
638,395,,,0x0002,other_permission
639,395,,,0x0002,other_permission
640,395,,,0x8006,headbutt_or_blocked_8006
641,395,,,0x8006,headbutt_or_blocked_8006
642,395,,,0x8006,headbutt_or_blocked_8006
643,395,,,0x8006,headbutt_or_blocked_8006
644,395,,,0x0400,other_permission
645,395,,,0x0400,other_permission
646,395,,,0x0400,other_permission
647,395,,,0x0400,other_permission
648,395,,,0x8006,headbutt_or_blocked_8006
649,395,,,0x8006,headbutt_or_blocked_8006
650,395,,,0x8006,headbutt_or_blocked_8006
651,395,,,0x8006,headbutt_or_blocked_8006
652,395,,,0x8006,headbutt_or_blocked_8006
653,395,,,0x8006,headbutt_or_blocked_8006
654,395,,,0x8006,headbutt_or_blocked_8006
655,395,,,0x8006,headbutt_or_blocked_8006
656,395,,,0x8006,headbutt_or_blocked_8006
657,395,,,0x8006,headbutt_or_blocked_8006
658,395,,,0x8006,headbutt_or_blocked_8006
659,395,,,0x8006,headbutt_or_blocked_8006
660,395,,,0x0400,other_permission
661,395,,,0x0400,other_permission
662,395,,,0x0400,other_permission
663,395,,,0x0400,other_permission
664,395,,,0x0400,other_permission
665,395,,,0x0400,other_permission
666,395,,,0x8006,headbutt_or_blocked_8006
667,395,,,0x8006,headbutt_or_blocked_8006
668,395,,,0x8006,headbutt_or_blocked_8006
669,395,,,0x8006,headbutt_or_blocked_8006
670,395,,,0x8006,headbutt_or_blocked_8006
671,395,,,0x8006,headbutt_or_blocked_8006
576,396,,,0x0400,other_permission
577,396,,,0x0400,other_permission
578,396,,,0x0400,other_permission
579,396,,,0x0400,other_permission
580,396,,,0x0400,other_permission
581,396,,,0x0400,other_permission
582,396,,,0x0400,other_permission
583,396,,,0x0400,other_permission
584,396,,,0x0400,other_permission
585,396,,,0x0400,other_permission
586,396,,,0x0400,other_permission
587,396,,,0x0400,other_permission
588,396,,,0x8006,headbutt_or_blocked_8006
589,396,,,0x8006,headbutt_or_blocked_8006
590,396,,,0x803b,blocked_high_bit
591,396,,,0x803b,blocked_high_bit
592,396,,,0x803b,blocked_high_bit
593,396,,,0x803b,blocked_high_bit
594,396,,,0x0400,other_permission
595,396,,,0x0400,other_permission
596,396,,,0x0400,other_permission
597,396,,,0x803b,blocked_high_bit
598,396,,,0x803b,blocked_high_bit
599,396,,,0x803b,blocked_high_bit
600,396,,,0x803b,blocked_high_bit
601,396,,,0x803b,blocked_high_bit
602,396,,,0x803b,blocked_high_bit
603,396,,,0x8000,blocked_high_bit
604,396,,,0x0002,other_permission
605,396,,,0x0002,other_permission
606,396,,,0x0002,other_permission
607,396,,,0x0002,other_permission
608,396,,,0x0002,other_permission
609,396,,,0x0002,other_permission
610,396,,,0x0002,other_permission
611,396,,,0x0002,other_permission
612,396,,,0x8006,headbutt_or_blocked_8006
613,396,,,0x8006,headbutt_or_blocked_8006
614,396,,,0x0400,other_permission
615,396,,,0x0400,other_permission
616,396,,,0x0400,other_permission
617,396,,,0x0400,other_permission
618,396,,,0x0400,other_permission
619,396,,,0x0400,other_permission
620,396,,,0x0400,other_permission
621,396,,,0x0400,other_permission
622,396,,,0x0400,other_permission
623,396,,,0x0400,other_permission
624,396,,,0x0400,other_permission
625,396,,,0x0400,other_permission
626,396,,,0x0400,other_permission
627,396,,,0x0400,other_permission
628,396,,,0x0400,other_permission
629,396,,,0x0400,other_permission
630,396,,,0x0002,other_permission
631,396,,,0x0002,other_permission
632,396,,,0x0002,other_permission
633,396,,,0x0002,other_permission
634,396,,,0x0002,other_permission
635,396,,,0x0002,other_permission
636,396,,,0x0002,other_permission
637,396,,,0x0002,other_permission
638,396,,,0x0002,other_permission
639,396,,,0x0002,other_permission
640,396,,,0x8006,headbutt_or_blocked_8006
641,396,,,0x8006,headbutt_or_blocked_8006
642,396,,,0x8006,headbutt_or_blocked_8006
643,396,,,0x8006,headbutt_or_blocked_8006
644,396,,,0x0400,other_permission
645,396,,,0x0400,other_permission
646,396,,,0x0400,other_permission
647,396,,,0x0400,other_permission
648,396,,,0x8006,headbutt_or_blocked_8006
649,396,,,0x8006,headbutt_or_blocked_8006
650,396,,,0x8006,headbutt_or_blocked_8006
651,396,,,0x8006,headbutt_or_blocked_8006
652,396,,,0x8006,headbutt_or_blocked_8006
653,396,,,0x8006,headbutt_or_blocked_8006
654,396,,,0x8006,headbutt_or_blocked_8006
655,396,,,0x8006,headbutt_or_blocked_8006
656,396,,,0x0400,other_permission
657,396,,,0x0400,other_permission
658,396,,,0x0400,other_permission
659,396,,,0x0400,other_permission
660,396,,,0x0400,other_permission
661,396,,,0x0400,other_permission
662,396,,,0x0400,other_permission
663,396,,,0x0400,other_permission
664,396,,,0x0400,other_permission
665,396,,,0x0400,other_permission
666,396,,,0x0400,other_permission
667,396,,,0x0400,other_permission
668,396,,,0x0400,other_permission
669,396,,,0x0400,other_permission
670,396,,,0x0400,other_permission
671,396,,,0x0400,other_permission
576,397,,,0x0400,other_permission
577,397,,,0x0400,other_permission
578,397,,,0x0400,other_permission
579,397,,,0x0400,other_permission
580,397,,,0x0400,other_permission
581,397,,,0x8000,blocked_high_bit
582,397,,,0x0400,other_permission
583,397,,,0x0400,other_permission
584,397,,,0x0400,other_permission
585,397,,,0x0400,other_permission
586,397,,,0x0400,other_permission
587,397,,,0x0400,other_permission
588,397,,,0x8006,headbutt_or_blocked_8006
589,397,,,0x8006,headbutt_or_blocked_8006
590,397,,,0x0400,other_permission
591,397,,,0x0400,other_permission
592,397,,,0x0002,other_permission
593,397,,,0x0002,other_permission
594,397,,,0x0002,other_permission
595,397,,,0x0002,other_permission
596,397,,,0x0002,other_permission
597,397,,,0x0002,other_permission
598,397,,,0x0002,other_permission
599,397,,,0x0002,other_permission
600,397,,,0x0002,other_permission
601,397,,,0x0002,other_permission
602,397,,,0x0002,other_permission
603,397,,,0x0002,other_permission
604,397,,,0x0002,other_permission
605,397,,,0x0002,other_permission
606,397,,,0x0002,other_permission
607,397,,,0x0002,other_permission
608,397,,,0x8006,headbutt_or_blocked_8006
609,397,,,0x8006,headbutt_or_blocked_8006
610,397,,,0x8006,headbutt_or_blocked_8006
611,397,,,0x8006,headbutt_or_blocked_8006
612,397,,,0x8006,headbutt_or_blocked_8006
613,397,,,0x8006,headbutt_or_blocked_8006
614,397,,,0x8006,headbutt_or_blocked_8006
615,397,,,0x8006,headbutt_or_blocked_8006
616,397,,,0x8006,headbutt_or_blocked_8006
617,397,,,0x8006,headbutt_or_blocked_8006
618,397,,,0x0400,other_permission
619,397,,,0x0400,other_permission
620,397,,,0x0400,other_permission
621,397,,,0x0400,other_permission
622,397,,,0x0400,other_permission
623,397,,,0x0400,other_permission
624,397,,,0x0400,other_permission
625,397,,,0x0400,other_permission
626,397,,,0x0400,other_permission
627,397,,,0x0400,other_permission
628,397,,,0x0400,other_permission
629,397,,,0x0400,other_permission
630,397,,,0x0002,other_permission
631,397,,,0x0002,other_permission
632,397,,,0x0002,other_permission
633,397,,,0x0002,other_permission
634,397,,,0x0002,other_permission
635,397,,,0x0002,other_permission
636,397,,,0x0002,other_permission
637,397,,,0x0002,other_permission
638,397,,,0x0002,other_permission
639,397,,,0x0002,other_permission
640,397,,,0x8006,headbutt_or_blocked_8006
641,397,,,0x8006,headbutt_or_blocked_8006
642,397,,,0x8006,headbutt_or_blocked_8006
643,397,,,0x8006,headbutt_or_blocked_8006
644,397,,,0x0400,other_permission
645,397,,,0x0400,other_permission
646,397,,,0x0400,other_permission
647,397,,,0x0400,other_permission
648,397,,,0x8006,headbutt_or_blocked_8006
649,397,,,0x8006,headbutt_or_blocked_8006
650,397,,,0x8006,headbutt_or_blocked_8006
651,397,,,0x8006,headbutt_or_blocked_8006
652,397,,,0x8006,headbutt_or_blocked_8006
653,397,,,0x8006,headbutt_or_blocked_8006
654,397,,,0x8006,headbutt_or_blocked_8006
655,397,,,0x8006,headbutt_or_blocked_8006
656,397,,,0x0400,other_permission
657,397,,,0x0400,other_permission
658,397,,,0x0400,other_permission
659,397,,,0x0400,other_permission
660,397,,,0x0400,other_permission
661,397,,,0x0400,other_permission
662,397,,,0x8000,blocked_high_bit
663,397,,,0x0400,other_permission
664,397,,,0x0400,other_permission
665,397,,,0x0400,other_permission
666,397,,,0x0400,other_permission
667,397,,,0x0400,other_permission
668,397,,,0x0400,other_permission
669,397,,,0x0400,other_permission
670,397,,,0x0400,other_permission
671,397,,,0x0400,other_permission
576,398,,,0x0400,other_permission
577,398,,,0x0000,empty
578,398,,,0x0000,empty
579,398,,,0x0000,empty
580,398,,,0x0000,empty
581,398,,,0x0000,empty
582,398,,,0x0000,empty
583,398,,,0x0000,empty
584,398,,,0x0000,empty
585,398,,,0x0000,empty
586,398,,,0x0000,empty
587,398,,,0x0000,empty
588,398,,,0x8039,blocked_high_bit
589,398,,,0x0400,other_permission
590,398,,,0x0400,other_permission
591,398,,,0x0400,other_permission
592,398,,,0x0002,other_permission
593,398,,,0x0002,other_permission
594,398,,,0x0002,other_permission
595,398,,,0x0002,other_permission
596,398,,,0x0002,other_permission
597,398,,,0x0002,other_permission
598,398,,,0x0002,other_permission
599,398,,,0x0002,other_permission
600,398,,,0x0002,other_permission
601,398,,,0x0002,other_permission
602,398,,,0x0002,other_permission
603,398,,,0x0002,other_permission
604,398,,,0x0002,other_permission
605,398,,,0x0002,other_permission
606,398,,,0x0002,other_permission
607,398,,,0x0002,other_permission
608,398,,,0x8006,headbutt_or_blocked_8006
609,398,,,0x8006,headbutt_or_blocked_8006
610,398,,,0x8006,headbutt_or_blocked_8006
611,398,,,0x8006,headbutt_or_blocked_8006
612,398,,,0x8006,headbutt_or_blocked_8006
613,398,,,0x8006,headbutt_or_blocked_8006
614,398,,,0x8006,headbutt_or_blocked_8006
615,398,,,0x8006,headbutt_or_blocked_8006
616,398,,,0x8006,headbutt_or_blocked_8006
617,398,,,0x8006,headbutt_or_blocked_8006
618,398,,,0x0400,other_permission
619,398,,,0x0400,other_permission
620,398,,,0x0400,other_permission
621,398,,,0x0400,other_permission
622,398,,,0x0400,other_permission
623,398,,,0x0400,other_permission
624,398,,,0x0400,other_permission
625,398,,,0x0400,other_permission
626,398,,,0x0400,other_permission
627,398,,,0x0400,other_permission
628,398,,,0x0400,other_permission
629,398,,,0x0400,other_permission
630,398,,,0x0002,other_permission
631,398,,,0x0002,other_permission
632,398,,,0x0002,other_permission
633,398,,,0x0002,other_permission
634,398,,,0x0002,other_permission
635,398,,,0x0002,other_permission
636,398,,,0x0002,other_permission
637,398,,,0x0002,other_permission
638,398,,,0x0002,other_permission
639,398,,,0x0002,other_permission
640,398,,,0x8006,headbutt_or_blocked_8006
641,398,,,0x8006,headbutt_or_blocked_8006
642,398,,,0x8006,headbutt_or_blocked_8006
643,398,,,0x8006,headbutt_or_blocked_8006
644,398,,,0x0002,other_permission
645,398,,,0x0002,other_permission
646,398,,,0x0002,other_permission
647,398,,,0x0002,other_permission
648,398,,,0x0400,other_permission
649,398,,,0x0400,other_permission
650,398,,,0x0400,other_permission
651,398,,,0x8038,blocked_high_bit
652,398,,,0x0400,other_permission
653,398,,,0x0400,other_permission
654,398,,,0x0400,other_permission
655,398,,,0x0400,other_permission
656,398,,,0x0400,other_permission
657,398,,,0x0400,other_permission
658,398,,,0x0400,other_permission
659,398,,,0x0400,other_permission
660,398,,,0x0400,other_permission
661,398,,,0x0000,empty
662,398,,,0x0000,empty
663,398,,,0x0000,empty
664,398,,,0x0000,empty
665,398,,,0x0000,empty
666,398,,,0x0000,empty
667,398,,,0x0000,empty
668,398,,,0x0000,empty
669,398,,,0x0000,empty
670,398,,,0x0000,empty
671,398,,,0x0400,other_permission
576,399,,,0x0400,other_permission
577,399,,,0x0000,empty
578,399,,,0x0000,empty
579,399,,,0x0000,empty
580,399,,,0x0000,empty
581,399,,,0x0000,empty
582,399,,,0x0000,empty
583,399,,,0x0000,empty
584,399,,,0x0000,empty
585,399,,,0x0000,empty
586,399,,,0x0000,empty
587,399,,,0x0000,empty
588,399,,,0x8039,blocked_high_bit
589,399,,,0x0400,other_permission
590,399,,,0x0400,other_permission
591,399,,,0x0400,other_permission
592,399,,,0x0002,other_permission
593,399,,,0x0002,other_permission
594,399,,,0x0002,other_permission
595,399,,,0x0002,other_permission
596,399,,,0x0002,other_permission
597,399,,,0x0002,other_permission
598,399,,,0x0002,other_permission
599,399,,,0x0002,other_permission
600,399,,,0x0002,other_permission
601,399,,,0x0002,other_permission
602,399,,,0x0002,other_permission
603,399,,,0x0002,other_permission
604,399,,,0x0002,other_permission
605,399,,,0x0002,other_permission
606,399,,,0x8006,headbutt_or_blocked_8006
607,399,,,0x8006,headbutt_or_blocked_8006
608,399,,,0x8006,headbutt_or_blocked_8006
609,399,,,0x8006,headbutt_or_blocked_8006
610,399,,,0x8006,headbutt_or_blocked_8006
611,399,,,0x8006,headbutt_or_blocked_8006
612,399,,,0x8006,headbutt_or_blocked_8006
613,399,,,0x8006,headbutt_or_blocked_8006
614,399,,,0x8006,headbutt_or_blocked_8006
615,399,,,0x8006,headbutt_or_blocked_8006
616,399,,,0x8006,headbutt_or_blocked_8006
617,399,,,0x8006,headbutt_or_blocked_8006
618,399,,,0x8006,headbutt_or_blocked_8006
619,399,,,0x8006,headbutt_or_blocked_8006
620,399,,,0x8006,headbutt_or_blocked_8006
621,399,,,0x8006,headbutt_or_blocked_8006
622,399,,,0x8006,headbutt_or_blocked_8006
623,399,,,0x8006,headbutt_or_blocked_8006
624,399,,,0x0400,other_permission
625,399,,,0x0400,other_permission
626,399,,,0x0400,other_permission
627,399,,,0x8006,headbutt_or_blocked_8006
628,399,,,0x8006,headbutt_or_blocked_8006
629,399,,,0x0400,other_permission
630,399,,,0x8006,headbutt_or_blocked_8006
631,399,,,0x8006,headbutt_or_blocked_8006
632,399,,,0x8006,headbutt_or_blocked_8006
633,399,,,0x8006,headbutt_or_blocked_8006
634,399,,,0x8006,headbutt_or_blocked_8006
635,399,,,0x8006,headbutt_or_blocked_8006
636,399,,,0x8006,headbutt_or_blocked_8006
637,399,,,0x8006,headbutt_or_blocked_8006
638,399,,,0x0002,other_permission
639,399,,,0x0002,other_permission
640,399,,,0x8006,headbutt_or_blocked_8006
641,399,,,0x8006,headbutt_or_blocked_8006
642,399,,,0x8006,headbutt_or_blocked_8006
643,399,,,0x8006,headbutt_or_blocked_8006
644,399,,,0x0002,other_permission
645,399,,,0x0002,other_permission
646,399,,,0x0002,other_permission
647,399,,,0x0002,other_permission
648,399,,,0x0400,other_permission
649,399,,,0x0400,other_permission
650,399,,,0x0400,other_permission
651,399,,,0x8038,blocked_high_bit
652,399,,,0x0400,other_permission
653,399,,,0x0400,other_permission
654,399,,,0x0400,other_permission
655,399,,,0x0400,other_permission
656,399,,,0x0400,other_permission
657,399,,,0x0400,other_permission
658,399,,,0x0400,other_permission
659,399,,,0x0400,other_permission
660,399,,,0x0400,other_permission
661,399,,,0x0000,empty
662,399,,,0x0000,empty
663,399,,,0x0000,empty
664,399,,,0x0000,empty
665,399,,,0x0000,empty
666,399,,,0x0000,empty
667,399,,,0x0000,empty
668,399,,,0x0000,empty
669,399,,,0x0000,empty
670,399,,,0x0000,empty
671,399,,,0x0400,other_permission
576,400,,,0x0400,other_permission
577,400,,,0x0000,empty
578,400,,,0x0000,empty
579,400,,,0x0000,empty
580,400,,,0x0000,empty
581,400,,,0x0000,empty
582,400,,,0x0000,empty
583,400,,,0x0000,empty
584,400,,,0x0000,empty
585,400,,,0x0000,empty
586,400,,,0x0000,empty
587,400,,,0x0000,empty
588,400,,,0x8039,blocked_high_bit
589,400,,,0x0400,other_permission
590,400,,,0x0400,other_permission
591,400,,,0x0400,other_permission
592,400,,,0x0400,other_permission
593,400,,,0x0400,other_permission
594,400,,,0x0400,other_permission
595,400,,,0x0400,other_permission
596,400,,,0x0400,other_permission
597,400,,,0x0400,other_permission
598,400,,,0x0400,other_permission
599,400,,,0x0400,other_permission
600,400,,,0x0400,other_permission
601,400,,,0x0400,other_permission
602,400,,,0x0400,other_permission
603,400,,,0x0400,other_permission
604,400,,,0x0400,other_permission
605,400,,,0x0400,other_permission
606,400,,,0x8006,headbutt_or_blocked_8006
607,400,,,0x8006,headbutt_or_blocked_8006
608,400,,,0x8006,headbutt_or_blocked_8006
609,400,,,0x8006,headbutt_or_blocked_8006
610,400,,,0x0400,other_permission
611,400,,,0x0400,other_permission
612,400,,,0x0400,other_permission
613,400,,,0x0400,other_permission
614,400,,,0x0400,other_permission
615,400,,,0x0400,other_permission
616,400,,,0x8006,headbutt_or_blocked_8006
617,400,,,0x8006,headbutt_or_blocked_8006
618,400,,,0x8006,headbutt_or_blocked_8006
619,400,,,0x8006,headbutt_or_blocked_8006
620,400,,,0x8006,headbutt_or_blocked_8006
621,400,,,0x8006,headbutt_or_blocked_8006
622,400,,,0x8006,headbutt_or_blocked_8006
623,400,,,0x8006,headbutt_or_blocked_8006
624,400,,,0x0400,other_permission
625,400,,,0x0400,other_permission
626,400,,,0x0400,other_permission
627,400,,,0x8006,headbutt_or_blocked_8006
628,400,,,0x8006,headbutt_or_blocked_8006
629,400,,,0x0400,other_permission
630,400,,,0x8006,headbutt_or_blocked_8006
631,400,,,0x8006,headbutt_or_blocked_8006
632,400,,,0x8006,headbutt_or_blocked_8006
633,400,,,0x8006,headbutt_or_blocked_8006
634,400,,,0x8006,headbutt_or_blocked_8006
635,400,,,0x8006,headbutt_or_blocked_8006
636,400,,,0x8006,headbutt_or_blocked_8006
637,400,,,0x8006,headbutt_or_blocked_8006
638,400,,,0x0002,other_permission
639,400,,,0x0002,other_permission
640,400,,,0x8006,headbutt_or_blocked_8006
641,400,,,0x8006,headbutt_or_blocked_8006
642,400,,,0x8006,headbutt_or_blocked_8006
643,400,,,0x8006,headbutt_or_blocked_8006
644,400,,,0x0002,other_permission
645,400,,,0x0002,other_permission
646,400,,,0x0002,other_permission
647,400,,,0x0002,other_permission
648,400,,,0x0400,other_permission
649,400,,,0x0400,other_permission
650,400,,,0x0400,other_permission
651,400,,,0x8038,blocked_high_bit
652,400,,,0x0002,other_permission
653,400,,,0x0002,other_permission
654,400,,,0x0002,other_permission
655,400,,,0x0002,other_permission
656,400,,,0x0002,other_permission
657,400,,,0x0002,other_permission
658,400,,,0x0400,other_permission
659,400,,,0x0400,other_permission
660,400,,,0x0400,other_permission
661,400,,,0x0000,empty
662,400,,,0x0000,empty
663,400,,,0x0000,empty
664,400,,,0x0000,empty
665,400,,,0x0000,empty
666,400,,,0x0000,empty
667,400,,,0x0000,empty
668,400,,,0x0000,empty
669,400,,,0x0000,empty
670,400,,,0x0000,empty
671,400,,,0x0400,other_permission
576,401,,,0x0400,other_permission
577,401,,,0x0000,empty
578,401,,,0x0000,empty
579,401,,,0x0000,empty
580,401,,,0x0000,empty
581,401,,,0x0000,empty
582,401,,,0x0000,empty
583,401,,,0x0000,empty
584,401,,,0x0000,empty
585,401,,,0x0000,empty
586,401,,,0x0000,empty
587,401,,,0x0000,empty
588,401,,,0x8000,blocked_high_bit
589,401,,,0x803b,blocked_high_bit
590,401,,,0x803b,blocked_high_bit
591,401,,,0x803b,blocked_high_bit
592,401,,,0x803b,blocked_high_bit
593,401,,,0x803b,blocked_high_bit
594,401,,,0x0400,other_permission
595,401,,,0x0400,other_permission
596,401,,,0x0400,other_permission
597,401,,,0x803b,blocked_high_bit
598,401,,,0x803b,blocked_high_bit
599,401,,,0x803b,blocked_high_bit
600,401,,,0x803b,blocked_high_bit
601,401,,,0x803b,blocked_high_bit
602,401,,,0x803b,blocked_high_bit
603,401,,,0x803b,blocked_high_bit
604,401,,,0x803b,blocked_high_bit
605,401,,,0x803b,blocked_high_bit
606,401,,,0x8006,headbutt_or_blocked_8006
607,401,,,0x8006,headbutt_or_blocked_8006
608,401,,,0x8006,headbutt_or_blocked_8006
609,401,,,0x8006,headbutt_or_blocked_8006
610,401,,,0x0400,other_permission
611,401,,,0x0400,other_permission
612,401,,,0x0400,other_permission
613,401,,,0x0400,other_permission
614,401,,,0x0400,other_permission
615,401,,,0x0400,other_permission
616,401,,,0x8006,headbutt_or_blocked_8006
617,401,,,0x8006,headbutt_or_blocked_8006
618,401,,,0x8006,headbutt_or_blocked_8006
619,401,,,0x8006,headbutt_or_blocked_8006
620,401,,,0x8006,headbutt_or_blocked_8006
621,401,,,0x8006,headbutt_or_blocked_8006
622,401,,,0x8006,headbutt_or_blocked_8006
623,401,,,0x8006,headbutt_or_blocked_8006
624,401,,,0x803b,blocked_high_bit
625,401,,,0x803b,blocked_high_bit
626,401,,,0x803b,blocked_high_bit
627,401,,,0x8006,headbutt_or_blocked_8006
628,401,,,0x8006,headbutt_or_blocked_8006
629,401,,,0x0400,other_permission
630,401,,,0x8006,headbutt_or_blocked_8006
631,401,,,0x8006,headbutt_or_blocked_8006
632,401,,,0x8006,headbutt_or_blocked_8006
633,401,,,0x8006,headbutt_or_blocked_8006
634,401,,,0x8006,headbutt_or_blocked_8006
635,401,,,0x8006,headbutt_or_blocked_8006
636,401,,,0x8006,headbutt_or_blocked_8006
637,401,,,0x8006,headbutt_or_blocked_8006
638,401,,,0x0002,other_permission
639,401,,,0x0002,other_permission
640,401,,,0x8006,headbutt_or_blocked_8006
641,401,,,0x8006,headbutt_or_blocked_8006
642,401,,,0x8006,headbutt_or_blocked_8006
643,401,,,0x8006,headbutt_or_blocked_8006
644,401,,,0x0002,other_permission
645,401,,,0x0002,other_permission
646,401,,,0x0002,other_permission
647,401,,,0x0002,other_permission
648,401,,,0x0400,other_permission
649,401,,,0x0400,other_permission
650,401,,,0x0400,other_permission
651,401,,,0x8038,blocked_high_bit
652,401,,,0x0002,other_permission
653,401,,,0x0002,other_permission
654,401,,,0x0002,other_permission
655,401,,,0x0002,other_permission
656,401,,,0x0002,other_permission
657,401,,,0x0002,other_permission
658,401,,,0x0002,other_permission
659,401,,,0x0400,other_permission
660,401,,,0x0400,other_permission
661,401,,,0x0000,empty
662,401,,,0x0000,empty
663,401,,,0x0000,empty
664,401,,,0x0000,empty
665,401,,,0x0000,empty
666,401,,,0x0000,empty
667,401,,,0x0000,empty
668,401,,,0x0000,empty
669,401,,,0x0000,empty
670,401,,,0x0000,empty
671,401,,,0x0400,other_permission
576,402,,,0x0400,other_permission
577,402,,,0x0400,other_permission
578,402,,,0x0400,other_permission
579,402,,,0x0400,other_permission
580,402,,,0x0400,other_permission
581,402,,,0x0400,other_permission
582,402,,,0x0002,other_permission
583,402,,,0x0002,other_permission
584,402,,,0x0000,empty
585,402,,,0x0000,empty
586,402,,,0x0000,empty
587,402,,,0x0000,empty
588,402,,,0x0000,empty
589,402,,,0x0000,empty
590,402,,,0x0000,empty
591,402,,,0x0000,empty
592,402,,,0x0000,empty
593,402,,,0x0000,empty
594,402,,,0x0000,empty
595,402,,,0x0000,empty
596,402,,,0x0000,empty
597,402,,,0x0000,empty
598,402,,,0x0000,empty
599,402,,,0x0000,empty
600,402,,,0x0000,empty
601,402,,,0x0000,empty
602,402,,,0x0400,other_permission
603,402,,,0x0400,other_permission
604,402,,,0x0400,other_permission
605,402,,,0x0400,other_permission
606,402,,,0x0400,other_permission
607,402,,,0x0400,other_permission
608,402,,,0x0400,other_permission
609,402,,,0x0400,other_permission
610,402,,,0x0400,other_permission
611,402,,,0x0400,other_permission
612,402,,,0x0400,other_permission
613,402,,,0x0400,other_permission
614,402,,,0x0400,other_permission
615,402,,,0x0400,other_permission
616,402,,,0x0400,other_permission
617,402,,,0x0400,other_permission
618,402,,,0x0400,other_permission
619,402,,,0x0400,other_permission
620,402,,,0x8006,headbutt_or_blocked_8006
621,402,,,0x8006,headbutt_or_blocked_8006
622,402,,,0x8006,headbutt_or_blocked_8006
623,402,,,0x8006,headbutt_or_blocked_8006
624,402,,,0x0400,other_permission
625,402,,,0x0400,other_permission
626,402,,,0x0400,other_permission
627,402,,,0x8039,blocked_high_bit
628,402,,,0x0400,other_permission
629,402,,,0x0400,other_permission
630,402,,,0x0400,other_permission
631,402,,,0x0400,other_permission
632,402,,,0x0400,other_permission
633,402,,,0x0400,other_permission
634,402,,,0x0400,other_permission
635,402,,,0x0400,other_permission
636,402,,,0x0400,other_permission
637,402,,,0x0400,other_permission
638,402,,,0x0400,other_permission
639,402,,,0x0400,other_permission
640,402,,,0x0400,other_permission
641,402,,,0x0400,other_permission
642,402,,,0x0400,other_permission
643,402,,,0x0400,other_permission
644,402,,,0x0002,other_permission
645,402,,,0x0002,other_permission
646,402,,,0x0002,other_permission
647,402,,,0x0002,other_permission
648,402,,,0x0400,other_permission
649,402,,,0x0400,other_permission
650,402,,,0x0400,other_permission
651,402,,,0x8038,blocked_high_bit
652,402,,,0x0002,other_permission
653,402,,,0x0002,other_permission
654,402,,,0x0002,other_permission
655,402,,,0x0002,other_permission
656,402,,,0x0002,other_permission
657,402,,,0x0002,other_permission
658,402,,,0x0002,other_permission
659,402,,,0x0002,other_permission
660,402,,,0x0400,other_permission
661,402,,,0x0400,other_permission
662,402,,,0x0400,other_permission
663,402,,,0x0400,other_permission
664,402,,,0x0400,other_permission
665,402,,,0x0400,other_permission
666,402,,,0x0400,other_permission
667,402,,,0x0400,other_permission
668,402,,,0x0400,other_permission
669,402,,,0x0400,other_permission
670,402,,,0x0400,other_permission
671,402,,,0x0400,other_permission
576,403,,,0x8006,headbutt_or_blocked_8006
577,403,,,0x8006,headbutt_or_blocked_8006
578,403,,,0x8006,headbutt_or_blocked_8006
579,403,,,0x8006,headbutt_or_blocked_8006
580,403,,,0x8006,headbutt_or_blocked_8006
581,403,,,0x8006,headbutt_or_blocked_8006
582,403,,,0x0002,other_permission
583,403,,,0x0002,other_permission
584,403,,,0x0000,empty
585,403,,,0x0000,empty
586,403,,,0x0000,empty
587,403,,,0x0000,empty
588,403,,,0x0000,empty
589,403,,,0x0000,empty
590,403,,,0x0000,empty
591,403,,,0x0000,empty
592,403,,,0x0000,empty
593,403,,,0x0000,empty
594,403,,,0x0000,empty
595,403,,,0x0000,empty
596,403,,,0x0000,empty
597,403,,,0x0000,empty
598,403,,,0x0000,empty
599,403,,,0x0000,empty
600,403,,,0x0000,empty
601,403,,,0x0000,empty
602,403,,,0x0400,other_permission
603,403,,,0x0400,other_permission
604,403,,,0x0400,other_permission
605,403,,,0x0400,other_permission
606,403,,,0x0400,other_permission
607,403,,,0x0400,other_permission
608,403,,,0x0400,other_permission
609,403,,,0x0400,other_permission
610,403,,,0x0400,other_permission
611,403,,,0x8006,headbutt_or_blocked_8006
612,403,,,0x8006,headbutt_or_blocked_8006
613,403,,,0x8006,headbutt_or_blocked_8006
614,403,,,0x8006,headbutt_or_blocked_8006
615,403,,,0x0400,other_permission
616,403,,,0x0400,other_permission
617,403,,,0x0400,other_permission
618,403,,,0x0400,other_permission
619,403,,,0x0400,other_permission
620,403,,,0x8006,headbutt_or_blocked_8006
621,403,,,0x8006,headbutt_or_blocked_8006
622,403,,,0x8006,headbutt_or_blocked_8006
623,403,,,0x8006,headbutt_or_blocked_8006
624,403,,,0x0400,other_permission
625,403,,,0x0400,other_permission
626,403,,,0x0400,other_permission
627,403,,,0x8039,blocked_high_bit
628,403,,,0x0400,other_permission
629,403,,,0x0400,other_permission
630,403,,,0x0400,other_permission
631,403,,,0x0400,other_permission
632,403,,,0x0400,other_permission
633,403,,,0x0400,other_permission
634,403,,,0x0400,other_permission
635,403,,,0x0400,other_permission
636,403,,,0x0400,other_permission
637,403,,,0x0400,other_permission
638,403,,,0x0400,other_permission
639,403,,,0x0400,other_permission
640,403,,,0x0400,other_permission
641,403,,,0x0400,other_permission
642,403,,,0x0400,other_permission
643,403,,,0x0400,other_permission
644,403,,,0x0002,other_permission
645,403,,,0x0002,other_permission
646,403,,,0x0002,other_permission
647,403,,,0x0002,other_permission
648,403,,,0x0400,other_permission
649,403,,,0x0400,other_permission
650,403,,,0x0400,other_permission
651,403,,,0x8038,blocked_high_bit
652,403,,,0x0002,other_permission
653,403,,,0x0002,other_permission
654,403,,,0x0002,other_permission
655,403,,,0x0002,other_permission
656,403,,,0x0002,other_permission
657,403,,,0x0002,other_permission
658,403,,,0x0002,other_permission
659,403,,,0x0002,other_permission
660,403,,,0x0400,other_permission
661,403,,,0x0400,other_permission
662,403,,,0x0400,other_permission
663,403,,,0x0400,other_permission
664,403,,,0x0400,other_permission
665,403,,,0x0400,other_permission
666,403,,,0x8006,headbutt_or_blocked_8006
667,403,,,0x8006,headbutt_or_blocked_8006
668,403,,,0x8006,headbutt_or_blocked_8006
669,403,,,0x8006,headbutt_or_blocked_8006
670,403,,,0x8006,headbutt_or_blocked_8006
671,403,,,0x8006,headbutt_or_blocked_8006
576,404,,,0x8006,headbutt_or_blocked_8006
577,404,,,0x8006,headbutt_or_blocked_8006
578,404,,,0x8006,headbutt_or_blocked_8006
579,404,,,0x8006,headbutt_or_blocked_8006
580,404,,,0x8006,headbutt_or_blocked_8006
581,404,,,0x8006,headbutt_or_blocked_8006
582,404,,,0x0002,other_permission
583,404,,,0x0002,other_permission
584,404,,,0x0000,empty
585,404,,,0x0000,empty
586,404,,,0x0000,empty
587,404,,,0x0000,empty
588,404,,,0x0000,empty
589,404,,,0x0000,empty
590,404,,,0x0000,empty
591,404,,,0x0000,empty
592,404,,,0x0000,empty
593,404,,,0x0000,empty
594,404,,,0x0000,empty
595,404,,,0x0000,empty
596,404,,,0x0000,empty
597,404,,,0x0000,empty
598,404,,,0x0000,empty
599,404,,,0x0000,empty
600,404,,,0x0000,empty
601,404,,,0x0000,empty
602,404,,,0x0400,other_permission
603,404,,,0x0400,other_permission
604,404,,,0x0400,other_permission
605,404,,,0x0400,other_permission
606,404,,,0x0400,other_permission
607,404,,,0x0400,other_permission
608,404,,,0x0400,other_permission
609,404,,,0x0400,other_permission
610,404,,,0x0400,other_permission
611,404,,,0x8006,headbutt_or_blocked_8006
612,404,,,0x8006,headbutt_or_blocked_8006
613,404,,,0x8006,headbutt_or_blocked_8006
614,404,,,0x8006,headbutt_or_blocked_8006
615,404,,,0x0400,other_permission
616,404,,,0x0400,other_permission
617,404,,,0x0400,other_permission
618,404,,,0x0400,other_permission
619,404,,,0x0400,other_permission
620,404,,,0x8006,headbutt_or_blocked_8006
621,404,,,0x8006,headbutt_or_blocked_8006
622,404,,,0x0400,other_permission
623,404,,,0x0400,other_permission
624,404,,,0x0400,other_permission
625,404,,,0x0400,other_permission
626,404,,,0x0400,other_permission
627,404,,,0x8039,blocked_high_bit
628,404,,,0x0400,other_permission
629,404,,,0x0400,other_permission
630,404,,,0x0400,other_permission
631,404,,,0x0400,other_permission
632,404,,,0x0400,other_permission
633,404,,,0x0400,other_permission
634,404,,,0x0400,other_permission
635,404,,,0x0400,other_permission
636,404,,,0x0400,other_permission
637,404,,,0x0400,other_permission
638,404,,,0x8006,headbutt_or_blocked_8006
639,404,,,0x8006,headbutt_or_blocked_8006
640,404,,,0x8006,headbutt_or_blocked_8006
641,404,,,0x8006,headbutt_or_blocked_8006
642,404,,,0x0400,other_permission
643,404,,,0x0400,other_permission
644,404,,,0x0002,other_permission
645,404,,,0x0002,other_permission
646,404,,,0x0002,other_permission
647,404,,,0x0002,other_permission
648,404,,,0x0400,other_permission
649,404,,,0x0400,other_permission
650,404,,,0x0400,other_permission
651,404,,,0x8038,blocked_high_bit
652,404,,,0x0002,other_permission
653,404,,,0x0002,other_permission
654,404,,,0x0002,other_permission
655,404,,,0x0002,other_permission
656,404,,,0x0002,other_permission
657,404,,,0x0002,other_permission
658,404,,,0x0002,other_permission
659,404,,,0x0002,other_permission
660,404,,,0x0002,other_permission
661,404,,,0x0002,other_permission
662,404,,,0x0002,other_permission
663,404,,,0x0002,other_permission
664,404,,,0x0002,other_permission
665,404,,,0x0002,other_permission
666,404,,,0x8006,headbutt_or_blocked_8006
667,404,,,0x8006,headbutt_or_blocked_8006
668,404,,,0x8006,headbutt_or_blocked_8006
669,404,,,0x8006,headbutt_or_blocked_8006
670,404,,,0x8006,headbutt_or_blocked_8006
671,404,,,0x8006,headbutt_or_blocked_8006
576,405,,,0x8006,headbutt_or_blocked_8006
577,405,,,0x8006,headbutt_or_blocked_8006
578,405,,,0x8006,headbutt_or_blocked_8006
579,405,,,0x8006,headbutt_or_blocked_8006
580,405,,,0x8006,headbutt_or_blocked_8006
581,405,,,0x8006,headbutt_or_blocked_8006
582,405,,,0x0002,other_permission
583,405,,,0x0002,other_permission
584,405,,,0x0002,other_permission
585,405,,,0x0002,other_permission
586,405,,,0x0002,other_permission
587,405,,,0x0002,other_permission
588,405,,,0x0002,other_permission
589,405,,,0x0002,other_permission
590,405,,,0x8006,headbutt_or_blocked_8006
591,405,,,0x8006,headbutt_or_blocked_8006
592,405,,,0x8006,headbutt_or_blocked_8006
593,405,,,0x8006,headbutt_or_blocked_8006
594,405,,,0x8006,headbutt_or_blocked_8006
595,405,,,0x8006,headbutt_or_blocked_8006
596,405,,,0x8006,headbutt_or_blocked_8006
597,405,,,0x8006,headbutt_or_blocked_8006
598,405,,,0x8006,headbutt_or_blocked_8006
599,405,,,0x8006,headbutt_or_blocked_8006
600,405,,,0x8006,headbutt_or_blocked_8006
601,405,,,0x8006,headbutt_or_blocked_8006
602,405,,,0x8006,headbutt_or_blocked_8006
603,405,,,0x8006,headbutt_or_blocked_8006
604,405,,,0x8006,headbutt_or_blocked_8006
605,405,,,0x8006,headbutt_or_blocked_8006
606,405,,,0x0400,other_permission
607,405,,,0x0400,other_permission
608,405,,,0x0400,other_permission
609,405,,,0x0400,other_permission
610,405,,,0x0400,other_permission
611,405,,,0x8006,headbutt_or_blocked_8006
612,405,,,0x8006,headbutt_or_blocked_8006
613,405,,,0x8006,headbutt_or_blocked_8006
614,405,,,0x8006,headbutt_or_blocked_8006
615,405,,,0x8006,headbutt_or_blocked_8006
616,405,,,0x8006,headbutt_or_blocked_8006
617,405,,,0x8006,headbutt_or_blocked_8006
618,405,,,0x8006,headbutt_or_blocked_8006
619,405,,,0x0400,other_permission
620,405,,,0x8006,headbutt_or_blocked_8006
621,405,,,0x8006,headbutt_or_blocked_8006
622,405,,,0x0400,other_permission
623,405,,,0x0400,other_permission
624,405,,,0x0400,other_permission
625,405,,,0x0400,other_permission
626,405,,,0x0400,other_permission
627,405,,,0x8039,blocked_high_bit
628,405,,,0x0400,other_permission
629,405,,,0x0400,other_permission
630,405,,,0x0400,other_permission
631,405,,,0x0400,other_permission
632,405,,,0x0400,other_permission
633,405,,,0x0400,other_permission
634,405,,,0x0400,other_permission
635,405,,,0x0400,other_permission
636,405,,,0x0400,other_permission
637,405,,,0x0400,other_permission
638,405,,,0x8006,headbutt_or_blocked_8006
639,405,,,0x8006,headbutt_or_blocked_8006
640,405,,,0x8006,headbutt_or_blocked_8006
641,405,,,0x8006,headbutt_or_blocked_8006
642,405,,,0x0400,other_permission
643,405,,,0x0400,other_permission
644,405,,,0x0400,other_permission
645,405,,,0x0400,other_permission
646,405,,,0x0400,other_permission
647,405,,,0x0400,other_permission
648,405,,,0x0400,other_permission
649,405,,,0x0400,other_permission
650,405,,,0x0400,other_permission
651,405,,,0x8038,blocked_high_bit
652,405,,,0x0002,other_permission
653,405,,,0x0002,other_permission
654,405,,,0x0002,other_permission
655,405,,,0x0002,other_permission
656,405,,,0x0002,other_permission
657,405,,,0x0002,other_permission
658,405,,,0x0002,other_permission
659,405,,,0x0002,other_permission
660,405,,,0x0002,other_permission
661,405,,,0x0002,other_permission
662,405,,,0x0002,other_permission
663,405,,,0x0002,other_permission
664,405,,,0x0002,other_permission
665,405,,,0x0002,other_permission
666,405,,,0x8006,headbutt_or_blocked_8006
667,405,,,0x8006,headbutt_or_blocked_8006
668,405,,,0x8006,headbutt_or_blocked_8006
669,405,,,0x8006,headbutt_or_blocked_8006
670,405,,,0x8006,headbutt_or_blocked_8006
671,405,,,0x8006,headbutt_or_blocked_8006
576,406,,,0x8006,headbutt_or_blocked_8006
577,406,,,0x8006,headbutt_or_blocked_8006
578,406,,,0x8006,headbutt_or_blocked_8006
579,406,,,0x8006,headbutt_or_blocked_8006
580,406,,,0x8006,headbutt_or_blocked_8006
581,406,,,0x8006,headbutt_or_blocked_8006
582,406,,,0x0002,other_permission
583,406,,,0x0002,other_permission
584,406,,,0x0002,other_permission
585,406,,,0x0002,other_permission
586,406,,,0x0002,other_permission
587,406,,,0x0002,other_permission
588,406,,,0x0002,other_permission
589,406,,,0x0002,other_permission
590,406,,,0x8006,headbutt_or_blocked_8006
591,406,,,0x8006,headbutt_or_blocked_8006
592,406,,,0x8006,headbutt_or_blocked_8006
593,406,,,0x8006,headbutt_or_blocked_8006
594,406,,,0x8006,headbutt_or_blocked_8006
595,406,,,0x8006,headbutt_or_blocked_8006
596,406,,,0x8006,headbutt_or_blocked_8006
597,406,,,0x8006,headbutt_or_blocked_8006
598,406,,,0x8006,headbutt_or_blocked_8006
599,406,,,0x8006,headbutt_or_blocked_8006
600,406,,,0x8006,headbutt_or_blocked_8006
601,406,,,0x8006,headbutt_or_blocked_8006
602,406,,,0x8006,headbutt_or_blocked_8006
603,406,,,0x8006,headbutt_or_blocked_8006
604,406,,,0x8006,headbutt_or_blocked_8006
605,406,,,0x8006,headbutt_or_blocked_8006
606,406,,,0x0400,other_permission
607,406,,,0x0400,other_permission
608,406,,,0x0400,other_permission
609,406,,,0x0400,other_permission
610,406,,,0x0400,other_permission
611,406,,,0x8006,headbutt_or_blocked_8006
612,406,,,0x8006,headbutt_or_blocked_8006
613,406,,,0x8006,headbutt_or_blocked_8006
614,406,,,0x8006,headbutt_or_blocked_8006
615,406,,,0x8006,headbutt_or_blocked_8006
616,406,,,0x8006,headbutt_or_blocked_8006
617,406,,,0x8006,headbutt_or_blocked_8006
618,406,,,0x8006,headbutt_or_blocked_8006
619,406,,,0x0400,other_permission
620,406,,,0x0400,other_permission
621,406,,,0x0400,other_permission
622,406,,,0x0400,other_permission
623,406,,,0x0400,other_permission
624,406,,,0x0400,other_permission
625,406,,,0x0400,other_permission
626,406,,,0x0400,other_permission
627,406,,,0x8039,blocked_high_bit
628,406,,,0x0400,other_permission
629,406,,,0x0400,other_permission
630,406,,,0x0400,other_permission
631,406,,,0x0400,other_permission
632,406,,,0x0400,other_permission
633,406,,,0x0400,other_permission
634,406,,,0x0400,other_permission
635,406,,,0x0400,other_permission
636,406,,,0x0400,other_permission
637,406,,,0x0400,other_permission
638,406,,,0x8006,headbutt_or_blocked_8006
639,406,,,0x8006,headbutt_or_blocked_8006
640,406,,,0x8006,headbutt_or_blocked_8006
641,406,,,0x8006,headbutt_or_blocked_8006
642,406,,,0x0400,other_permission
643,406,,,0x0400,other_permission
644,406,,,0x0400,other_permission
645,406,,,0x0400,other_permission
646,406,,,0x0400,other_permission
647,406,,,0x0400,other_permission
648,406,,,0x0400,other_permission
649,406,,,0x0400,other_permission
650,406,,,0x0400,other_permission
651,406,,,0x8038,blocked_high_bit
652,406,,,0x0000,empty
653,406,,,0x0000,empty
654,406,,,0x0000,empty
655,406,,,0x0002,other_permission
656,406,,,0x0002,other_permission
657,406,,,0x0002,other_permission
658,406,,,0x0002,other_permission
659,406,,,0x0002,other_permission
660,406,,,0x0002,other_permission
661,406,,,0x0002,other_permission
662,406,,,0x0002,other_permission
663,406,,,0x0002,other_permission
664,406,,,0x0002,other_permission
665,406,,,0x0002,other_permission
666,406,,,0x8006,headbutt_or_blocked_8006
667,406,,,0x8006,headbutt_or_blocked_8006
668,406,,,0x8006,headbutt_or_blocked_8006
669,406,,,0x8006,headbutt_or_blocked_8006
670,406,,,0x8006,headbutt_or_blocked_8006
671,406,,,0x8006,headbutt_or_blocked_8006
576,407,,,0x8006,headbutt_or_blocked_8006
577,407,,,0x8006,headbutt_or_blocked_8006
578,407,,,0x8006,headbutt_or_blocked_8006
579,407,,,0x8006,headbutt_or_blocked_8006
580,407,,,0x8006,headbutt_or_blocked_8006
581,407,,,0x8006,headbutt_or_blocked_8006
582,407,,,0x0002,other_permission
583,407,,,0x0002,other_permission
584,407,,,0x0002,other_permission
585,407,,,0x0002,other_permission
586,407,,,0x0002,other_permission
587,407,,,0x0002,other_permission
588,407,,,0x8006,headbutt_or_blocked_8006
589,407,,,0x8006,headbutt_or_blocked_8006
590,407,,,0x8006,headbutt_or_blocked_8006
591,407,,,0x8006,headbutt_or_blocked_8006
592,407,,,0x8006,headbutt_or_blocked_8006
593,407,,,0x8006,headbutt_or_blocked_8006
594,407,,,0x8006,headbutt_or_blocked_8006
595,407,,,0x8006,headbutt_or_blocked_8006
596,407,,,0x8006,headbutt_or_blocked_8006
597,407,,,0x8006,headbutt_or_blocked_8006
598,407,,,0x8006,headbutt_or_blocked_8006
599,407,,,0x8006,headbutt_or_blocked_8006
600,407,,,0x8006,headbutt_or_blocked_8006
601,407,,,0x8006,headbutt_or_blocked_8006
602,407,,,0x8006,headbutt_or_blocked_8006
603,407,,,0x8006,headbutt_or_blocked_8006
604,407,,,0x8006,headbutt_or_blocked_8006
605,407,,,0x8006,headbutt_or_blocked_8006
606,407,,,0x803b,blocked_high_bit
607,407,,,0x803b,blocked_high_bit
608,407,,,0x803b,blocked_high_bit
609,407,,,0x803b,blocked_high_bit
610,407,,,0x803b,blocked_high_bit
611,407,,,0x8006,headbutt_or_blocked_8006
612,407,,,0x8006,headbutt_or_blocked_8006
613,407,,,0x8006,headbutt_or_blocked_8006
614,407,,,0x8006,headbutt_or_blocked_8006
615,407,,,0x8006,headbutt_or_blocked_8006
616,407,,,0x8006,headbutt_or_blocked_8006
617,407,,,0x8006,headbutt_or_blocked_8006
618,407,,,0x8006,headbutt_or_blocked_8006
619,407,,,0x0400,other_permission
620,407,,,0x0400,other_permission
621,407,,,0x0400,other_permission
622,407,,,0x0400,other_permission
623,407,,,0x0400,other_permission
624,407,,,0x0400,other_permission
625,407,,,0x0400,other_permission
626,407,,,0x0400,other_permission
627,407,,,0x8000,blocked_high_bit
628,407,,,0x803b,blocked_high_bit
629,407,,,0x803b,blocked_high_bit
630,407,,,0x803b,blocked_high_bit
631,407,,,0x803b,blocked_high_bit
632,407,,,0x0400,other_permission
633,407,,,0x0400,other_permission
634,407,,,0x803b,blocked_high_bit
635,407,,,0x803b,blocked_high_bit
636,407,,,0x803b,blocked_high_bit
637,407,,,0x803b,blocked_high_bit
638,407,,,0x8006,headbutt_or_blocked_8006
639,407,,,0x8006,headbutt_or_blocked_8006
640,407,,,0x8006,headbutt_or_blocked_8006
641,407,,,0x8006,headbutt_or_blocked_8006
642,407,,,0x803b,blocked_high_bit
643,407,,,0x803b,blocked_high_bit
644,407,,,0x803b,blocked_high_bit
645,407,,,0x803b,blocked_high_bit
646,407,,,0x803b,blocked_high_bit
647,407,,,0x803b,blocked_high_bit
648,407,,,0x803b,blocked_high_bit
649,407,,,0x803b,blocked_high_bit
650,407,,,0x803b,blocked_high_bit
651,407,,,0x803e,blocked_high_bit
652,407,,,0x0000,empty
653,407,,,0x0000,empty
654,407,,,0x0000,empty
655,407,,,0x0002,other_permission
656,407,,,0x0002,other_permission
657,407,,,0x0002,other_permission
658,407,,,0x8006,headbutt_or_blocked_8006
659,407,,,0x8006,headbutt_or_blocked_8006
660,407,,,0x8006,headbutt_or_blocked_8006
661,407,,,0x8006,headbutt_or_blocked_8006
662,407,,,0x8006,headbutt_or_blocked_8006
663,407,,,0x8006,headbutt_or_blocked_8006
664,407,,,0x8006,headbutt_or_blocked_8006
665,407,,,0x8006,headbutt_or_blocked_8006
666,407,,,0x8006,headbutt_or_blocked_8006
667,407,,,0x8006,headbutt_or_blocked_8006
668,407,,,0x8006,headbutt_or_blocked_8006
669,407,,,0x8006,headbutt_or_blocked_8006
670,407,,,0x8006,headbutt_or_blocked_8006
671,407,,,0x8006,headbutt_or_blocked_8006
576,408,,,0x8006,headbutt_or_blocked_8006
577,408,,,0x8006,headbutt_or_blocked_8006
578,408,,,0x8006,headbutt_or_blocked_8006
579,408,,,0x8006,headbutt_or_blocked_8006
580,408,,,0x8006,headbutt_or_blocked_8006
581,408,,,0x8006,headbutt_or_blocked_8006
582,408,,,0x0002,other_permission
583,408,,,0x0002,other_permission
584,408,,,0x0002,other_permission
585,408,,,0x0002,other_permission
586,408,,,0x0002,other_permission
587,408,,,0x0002,other_permission
588,408,,,0x8006,headbutt_or_blocked_8006
589,408,,,0x8006,headbutt_or_blocked_8006
590,408,,,0x8006,headbutt_or_blocked_8006
591,408,,,0x8006,headbutt_or_blocked_8006
592,408,,,0x8006,headbutt_or_blocked_8006
593,408,,,0x8006,headbutt_or_blocked_8006
594,408,,,0x8006,headbutt_or_blocked_8006
595,408,,,0x8006,headbutt_or_blocked_8006
596,408,,,0x8006,headbutt_or_blocked_8006
597,408,,,0x8006,headbutt_or_blocked_8006
598,408,,,0x8006,headbutt_or_blocked_8006
599,408,,,0x8006,headbutt_or_blocked_8006
600,408,,,0x8006,headbutt_or_blocked_8006
601,408,,,0x8006,headbutt_or_blocked_8006
602,408,,,0x8006,headbutt_or_blocked_8006
603,408,,,0x8006,headbutt_or_blocked_8006
604,408,,,0x8006,headbutt_or_blocked_8006
605,408,,,0x8006,headbutt_or_blocked_8006
606,408,,,0x0400,other_permission
607,408,,,0x0400,other_permission
608,408,,,0x0400,other_permission
609,408,,,0x0400,other_permission
610,408,,,0x0400,other_permission
611,408,,,0x0400,other_permission
612,408,,,0x0400,other_permission
613,408,,,0x0400,other_permission
614,408,,,0x0400,other_permission
615,408,,,0x0400,other_permission
616,408,,,0x0400,other_permission
617,408,,,0x0400,other_permission
618,408,,,0x0400,other_permission
619,408,,,0x0400,other_permission
620,408,,,0x0400,other_permission
621,408,,,0x0400,other_permission
622,408,,,0x0400,other_permission
623,408,,,0x0400,other_permission
624,408,,,0x0400,other_permission
625,408,,,0x0400,other_permission
626,408,,,0x0400,other_permission
627,408,,,0x0400,other_permission
628,408,,,0x0400,other_permission
629,408,,,0x0400,other_permission
630,408,,,0x0400,other_permission
631,408,,,0x0000,empty
632,408,,,0x0000,empty
633,408,,,0x0000,empty
634,408,,,0x0400,other_permission
635,408,,,0x0400,other_permission
636,408,,,0x0400,other_permission
637,408,,,0x0400,other_permission
638,408,,,0x8006,headbutt_or_blocked_8006
639,408,,,0x8006,headbutt_or_blocked_8006
640,408,,,0x8006,headbutt_or_blocked_8006
641,408,,,0x8006,headbutt_or_blocked_8006
642,408,,,0x0002,other_permission
643,408,,,0x0002,other_permission
644,408,,,0x0002,other_permission
645,408,,,0x0002,other_permission
646,408,,,0x0002,other_permission
647,408,,,0x0002,other_permission
648,408,,,0x0002,other_permission
649,408,,,0x0000,empty
650,408,,,0x0000,empty
651,408,,,0x0000,empty
652,408,,,0x0000,empty
653,408,,,0x0000,empty
654,408,,,0x0000,empty
655,408,,,0x0002,other_permission
656,408,,,0x0002,other_permission
657,408,,,0x0002,other_permission
658,408,,,0x8006,headbutt_or_blocked_8006
659,408,,,0x8006,headbutt_or_blocked_8006
660,408,,,0x8006,headbutt_or_blocked_8006
661,408,,,0x8006,headbutt_or_blocked_8006
662,408,,,0x8006,headbutt_or_blocked_8006
663,408,,,0x8006,headbutt_or_blocked_8006
664,408,,,0x8006,headbutt_or_blocked_8006
665,408,,,0x8006,headbutt_or_blocked_8006
666,408,,,0x8006,headbutt_or_blocked_8006
667,408,,,0x8006,headbutt_or_blocked_8006
668,408,,,0x8006,headbutt_or_blocked_8006
669,408,,,0x8006,headbutt_or_blocked_8006
670,408,,,0x8006,headbutt_or_blocked_8006
671,408,,,0x8006,headbutt_or_blocked_8006
576,409,,,0x8006,headbutt_or_blocked_8006
577,409,,,0x8006,headbutt_or_blocked_8006
578,409,,,0x8006,headbutt_or_blocked_8006
579,409,,,0x8006,headbutt_or_blocked_8006
580,409,,,0x8006,headbutt_or_blocked_8006
581,409,,,0x8006,headbutt_or_blocked_8006
582,409,,,0x0002,other_permission
583,409,,,0x0002,other_permission
584,409,,,0x0002,other_permission
585,409,,,0x0002,other_permission
586,409,,,0x0002,other_permission
587,409,,,0x0002,other_permission
588,409,,,0x8006,headbutt_or_blocked_8006
589,409,,,0x8006,headbutt_or_blocked_8006
590,409,,,0x8006,headbutt_or_blocked_8006
591,409,,,0x8006,headbutt_or_blocked_8006
592,409,,,0x8006,headbutt_or_blocked_8006
593,409,,,0x8006,headbutt_or_blocked_8006
594,409,,,0x8006,headbutt_or_blocked_8006
595,409,,,0x8006,headbutt_or_blocked_8006
596,409,,,0x8006,headbutt_or_blocked_8006
597,409,,,0x8006,headbutt_or_blocked_8006
598,409,,,0x8006,headbutt_or_blocked_8006
599,409,,,0x8006,headbutt_or_blocked_8006
600,409,,,0x8006,headbutt_or_blocked_8006
601,409,,,0x8006,headbutt_or_blocked_8006
602,409,,,0x8006,headbutt_or_blocked_8006
603,409,,,0x8006,headbutt_or_blocked_8006
604,409,,,0x8006,headbutt_or_blocked_8006
605,409,,,0x8006,headbutt_or_blocked_8006
606,409,,,0x0400,other_permission
607,409,,,0x0400,other_permission
608,409,,,0x0400,other_permission
609,409,,,0x0400,other_permission
610,409,,,0x0400,other_permission
611,409,,,0x0400,other_permission
612,409,,,0x0400,other_permission
613,409,,,0x0400,other_permission
614,409,,,0x0400,other_permission
615,409,,,0x0400,other_permission
616,409,,,0x0400,other_permission
617,409,,,0x0400,other_permission
618,409,,,0x0400,other_permission
619,409,,,0x0400,other_permission
620,409,,,0x0400,other_permission
621,409,,,0x0400,other_permission
622,409,,,0x0400,other_permission
623,409,,,0x0400,other_permission
624,409,,,0x0400,other_permission
625,409,,,0x0400,other_permission
626,409,,,0x0400,other_permission
627,409,,,0x0400,other_permission
628,409,,,0x0400,other_permission
629,409,,,0x0400,other_permission
630,409,,,0x0400,other_permission
631,409,,,0x0000,empty
632,409,,,0x0000,empty
633,409,,,0x0000,empty
634,409,,,0x0400,other_permission
635,409,,,0x0400,other_permission
636,409,,,0x0400,other_permission
637,409,,,0x0400,other_permission
638,409,,,0x8006,headbutt_or_blocked_8006
639,409,,,0x8006,headbutt_or_blocked_8006
640,409,,,0x8006,headbutt_or_blocked_8006
641,409,,,0x8006,headbutt_or_blocked_8006
642,409,,,0x0002,other_permission
643,409,,,0x0002,other_permission
644,409,,,0x0002,other_permission
645,409,,,0x0002,other_permission
646,409,,,0x0002,other_permission
647,409,,,0x0002,other_permission
648,409,,,0x0002,other_permission
649,409,,,0x0000,empty
650,409,,,0x0000,empty
651,409,,,0x0000,empty
652,409,,,0x0000,empty
653,409,,,0x0000,empty
654,409,,,0x0000,empty
655,409,,,0x0002,other_permission
656,409,,,0x8006,headbutt_or_blocked_8006
657,409,,,0x8006,headbutt_or_blocked_8006
658,409,,,0x8006,headbutt_or_blocked_8006
659,409,,,0x8006,headbutt_or_blocked_8006
660,409,,,0x8006,headbutt_or_blocked_8006
661,409,,,0x8006,headbutt_or_blocked_8006
662,409,,,0x8006,headbutt_or_blocked_8006
663,409,,,0x8006,headbutt_or_blocked_8006
664,409,,,0x8006,headbutt_or_blocked_8006
665,409,,,0x8006,headbutt_or_blocked_8006
666,409,,,0x8006,headbutt_or_blocked_8006
667,409,,,0x8006,headbutt_or_blocked_8006
668,409,,,0x8006,headbutt_or_blocked_8006
669,409,,,0x8006,headbutt_or_blocked_8006
670,409,,,0x8006,headbutt_or_blocked_8006
671,409,,,0x8006,headbutt_or_blocked_8006
576,410,,,0x8006,headbutt_or_blocked_8006
577,410,,,0x8006,headbutt_or_blocked_8006
578,410,,,0x8006,headbutt_or_blocked_8006
579,410,,,0x8006,headbutt_or_blocked_8006
580,410,,,0x8006,headbutt_or_blocked_8006
581,410,,,0x8006,headbutt_or_blocked_8006
582,410,,,0x0002,other_permission
583,410,,,0x0002,other_permission
584,410,,,0x0002,other_permission
585,410,,,0x0002,other_permission
586,410,,,0x0002,other_permission
587,410,,,0x0002,other_permission
588,410,,,0x8006,headbutt_or_blocked_8006
589,410,,,0x8006,headbutt_or_blocked_8006
590,410,,,0x8006,headbutt_or_blocked_8006
591,410,,,0x8006,headbutt_or_blocked_8006
592,410,,,0x8006,headbutt_or_blocked_8006
593,410,,,0x8006,headbutt_or_blocked_8006
594,410,,,0x8006,headbutt_or_blocked_8006
595,410,,,0x8006,headbutt_or_blocked_8006
596,410,,,0x8006,headbutt_or_blocked_8006
597,410,,,0x8006,headbutt_or_blocked_8006
598,410,,,0x8006,headbutt_or_blocked_8006
599,410,,,0x8006,headbutt_or_blocked_8006
600,410,,,0x8006,headbutt_or_blocked_8006
601,410,,,0x8006,headbutt_or_blocked_8006
602,410,,,0x8006,headbutt_or_blocked_8006
603,410,,,0x8006,headbutt_or_blocked_8006
604,410,,,0x8006,headbutt_or_blocked_8006
605,410,,,0x8006,headbutt_or_blocked_8006
606,410,,,0x0400,other_permission
607,410,,,0x0400,other_permission
608,410,,,0x0400,other_permission
609,410,,,0x0400,other_permission
610,410,,,0x0400,other_permission
611,410,,,0x0400,other_permission
612,410,,,0x0400,other_permission
613,410,,,0x0400,other_permission
614,410,,,0x0400,other_permission
615,410,,,0x0400,other_permission
616,410,,,0x0400,other_permission
617,410,,,0x0400,other_permission
618,410,,,0x0400,other_permission
619,410,,,0x0400,other_permission
620,410,,,0x0400,other_permission
621,410,,,0x0400,other_permission
622,410,,,0x0400,other_permission
623,410,,,0x0400,other_permission
624,410,,,0x0400,other_permission
625,410,,,0x0400,other_permission
626,410,,,0x0400,other_permission
627,410,,,0x0400,other_permission
628,410,,,0x0400,other_permission
629,410,,,0x0400,other_permission
630,410,,,0x0400,other_permission
631,410,,,0x0000,empty
632,410,,,0x0000,empty
633,410,,,0x0000,empty
634,410,,,0x0400,other_permission
635,410,,,0x0400,other_permission
636,410,,,0x0400,other_permission
637,410,,,0x0400,other_permission
638,410,,,0x8006,headbutt_or_blocked_8006
639,410,,,0x8006,headbutt_or_blocked_8006
640,410,,,0x8006,headbutt_or_blocked_8006
641,410,,,0x8006,headbutt_or_blocked_8006
642,410,,,0x0002,other_permission
643,410,,,0x0002,other_permission
644,410,,,0x0002,other_permission
645,410,,,0x0002,other_permission
646,410,,,0x0002,other_permission
647,410,,,0x0002,other_permission
648,410,,,0x0002,other_permission
649,410,,,0x0002,other_permission
650,410,,,0x0002,other_permission
651,410,,,0x0002,other_permission
652,410,,,0x0002,other_permission
653,410,,,0x0002,other_permission
654,410,,,0x0002,other_permission
655,410,,,0x0002,other_permission
656,410,,,0x8006,headbutt_or_blocked_8006
657,410,,,0x8006,headbutt_or_blocked_8006
658,410,,,0x8006,headbutt_or_blocked_8006
659,410,,,0x8006,headbutt_or_blocked_8006
660,410,,,0x8006,headbutt_or_blocked_8006
661,410,,,0x8006,headbutt_or_blocked_8006
662,410,,,0x8006,headbutt_or_blocked_8006
663,410,,,0x8006,headbutt_or_blocked_8006
664,410,,,0x8006,headbutt_or_blocked_8006
665,410,,,0x8006,headbutt_or_blocked_8006
666,410,,,0x8006,headbutt_or_blocked_8006
667,410,,,0x8006,headbutt_or_blocked_8006
668,410,,,0x8006,headbutt_or_blocked_8006
669,410,,,0x8006,headbutt_or_blocked_8006
670,410,,,0x8006,headbutt_or_blocked_8006
671,410,,,0x8006,headbutt_or_blocked_8006
576,411,,,0x8006,headbutt_or_blocked_8006
577,411,,,0x8006,headbutt_or_blocked_8006
578,411,,,0x8006,headbutt_or_blocked_8006
579,411,,,0x8006,headbutt_or_blocked_8006
580,411,,,0x8006,headbutt_or_blocked_8006
581,411,,,0x8006,headbutt_or_blocked_8006
582,411,,,0x0002,other_permission
583,411,,,0x0002,other_permission
584,411,,,0x0002,other_permission
585,411,,,0x0002,other_permission
586,411,,,0x0002,other_permission
587,411,,,0x0002,other_permission
588,411,,,0x8006,headbutt_or_blocked_8006
589,411,,,0x8006,headbutt_or_blocked_8006
590,411,,,0x8006,headbutt_or_blocked_8006
591,411,,,0x8006,headbutt_or_blocked_8006
592,411,,,0x8006,headbutt_or_blocked_8006
593,411,,,0x8006,headbutt_or_blocked_8006
594,411,,,0x8006,headbutt_or_blocked_8006
595,411,,,0x8006,headbutt_or_blocked_8006
596,411,,,0x8006,headbutt_or_blocked_8006
597,411,,,0x8006,headbutt_or_blocked_8006
598,411,,,0x8006,headbutt_or_blocked_8006
599,411,,,0x8006,headbutt_or_blocked_8006
600,411,,,0x8006,headbutt_or_blocked_8006
601,411,,,0x8006,headbutt_or_blocked_8006
602,411,,,0x8006,headbutt_or_blocked_8006
603,411,,,0x8006,headbutt_or_blocked_8006
604,411,,,0x8006,headbutt_or_blocked_8006
605,411,,,0x8006,headbutt_or_blocked_8006
606,411,,,0x8006,headbutt_or_blocked_8006
607,411,,,0x8006,headbutt_or_blocked_8006
608,411,,,0x8006,headbutt_or_blocked_8006
609,411,,,0x8006,headbutt_or_blocked_8006
610,411,,,0x8006,headbutt_or_blocked_8006
611,411,,,0x8006,headbutt_or_blocked_8006
612,411,,,0x8006,headbutt_or_blocked_8006
613,411,,,0x8006,headbutt_or_blocked_8006
614,411,,,0x8006,headbutt_or_blocked_8006
615,411,,,0x8006,headbutt_or_blocked_8006
616,411,,,0x8006,headbutt_or_blocked_8006
617,411,,,0x8006,headbutt_or_blocked_8006
618,411,,,0x0400,other_permission
619,411,,,0x0400,other_permission
620,411,,,0x0400,other_permission
621,411,,,0x0400,other_permission
622,411,,,0x0400,other_permission
623,411,,,0x0400,other_permission
624,411,,,0x0400,other_permission
625,411,,,0x0400,other_permission
626,411,,,0x0400,other_permission
627,411,,,0x0400,other_permission
628,411,,,0x0400,other_permission
629,411,,,0x0400,other_permission
630,411,,,0x0400,other_permission
631,411,,,0x0000,empty
632,411,,,0x0000,empty
633,411,,,0x0000,empty
634,411,,,0x0000,empty
635,411,,,0x0000,empty
636,411,,,0x0000,empty
637,411,,,0x0000,empty
638,411,,,0x0000,empty
639,411,,,0x0000,empty
640,411,,,0x0000,empty
641,411,,,0x0000,empty
642,411,,,0x0000,empty
643,411,,,0x0400,other_permission
644,411,,,0x0400,other_permission
645,411,,,0x0002,other_permission
646,411,,,0x0002,other_permission
647,411,,,0x0002,other_permission
648,411,,,0x0002,other_permission
649,411,,,0x0002,other_permission
650,411,,,0x8006,headbutt_or_blocked_8006
651,411,,,0x8006,headbutt_or_blocked_8006
652,411,,,0x8006,headbutt_or_blocked_8006
653,411,,,0x8006,headbutt_or_blocked_8006
654,411,,,0x8006,headbutt_or_blocked_8006
655,411,,,0x8006,headbutt_or_blocked_8006
656,411,,,0x8006,headbutt_or_blocked_8006
657,411,,,0x8006,headbutt_or_blocked_8006
658,411,,,0x8006,headbutt_or_blocked_8006
659,411,,,0x8006,headbutt_or_blocked_8006
660,411,,,0x8006,headbutt_or_blocked_8006
661,411,,,0x8006,headbutt_or_blocked_8006
662,411,,,0x8006,headbutt_or_blocked_8006
663,411,,,0x8006,headbutt_or_blocked_8006
664,411,,,0x8006,headbutt_or_blocked_8006
665,411,,,0x8006,headbutt_or_blocked_8006
666,411,,,0x8006,headbutt_or_blocked_8006
667,411,,,0x8006,headbutt_or_blocked_8006
668,411,,,0x8006,headbutt_or_blocked_8006
669,411,,,0x8006,headbutt_or_blocked_8006
670,411,,,0x8006,headbutt_or_blocked_8006
671,411,,,0x8006,headbutt_or_blocked_8006
576,412,,,0x8006,headbutt_or_blocked_8006
577,412,,,0x8006,headbutt_or_blocked_8006
578,412,,,0x8006,headbutt_or_blocked_8006
579,412,,,0x8006,headbutt_or_blocked_8006
580,412,,,0x8006,headbutt_or_blocked_8006
581,412,,,0x8006,headbutt_or_blocked_8006
582,412,,,0x0002,other_permission
583,412,,,0x0002,other_permission
584,412,,,0x0002,other_permission
585,412,,,0x0002,other_permission
586,412,,,0x0002,other_permission
587,412,,,0x0002,other_permission
588,412,,,0x8006,headbutt_or_blocked_8006
589,412,,,0x8006,headbutt_or_blocked_8006
590,412,,,0x8006,headbutt_or_blocked_8006
591,412,,,0x8006,headbutt_or_blocked_8006
592,412,,,0x8006,headbutt_or_blocked_8006
593,412,,,0x8006,headbutt_or_blocked_8006
594,412,,,0x8006,headbutt_or_blocked_8006
595,412,,,0x8006,headbutt_or_blocked_8006
596,412,,,0x8006,headbutt_or_blocked_8006
597,412,,,0x8006,headbutt_or_blocked_8006
598,412,,,0x8006,headbutt_or_blocked_8006
599,412,,,0x8006,headbutt_or_blocked_8006
600,412,,,0x8006,headbutt_or_blocked_8006
601,412,,,0x8006,headbutt_or_blocked_8006
602,412,,,0x8006,headbutt_or_blocked_8006
603,412,,,0x8006,headbutt_or_blocked_8006
604,412,,,0x8006,headbutt_or_blocked_8006
605,412,,,0x8006,headbutt_or_blocked_8006
606,412,,,0x8006,headbutt_or_blocked_8006
607,412,,,0x8006,headbutt_or_blocked_8006
608,412,,,0x8006,headbutt_or_blocked_8006
609,412,,,0x8006,headbutt_or_blocked_8006
610,412,,,0x8006,headbutt_or_blocked_8006
611,412,,,0x8006,headbutt_or_blocked_8006
612,412,,,0x8006,headbutt_or_blocked_8006
613,412,,,0x8006,headbutt_or_blocked_8006
614,412,,,0x8006,headbutt_or_blocked_8006
615,412,,,0x8006,headbutt_or_blocked_8006
616,412,,,0x8006,headbutt_or_blocked_8006
617,412,,,0x8006,headbutt_or_blocked_8006
618,412,,,0x0400,other_permission
619,412,,,0x0400,other_permission
620,412,,,0x0400,other_permission
621,412,,,0x0400,other_permission
622,412,,,0x0400,other_permission
623,412,,,0x0400,other_permission
624,412,,,0x0400,other_permission
625,412,,,0x0400,other_permission
626,412,,,0x0400,other_permission
627,412,,,0x0400,other_permission
628,412,,,0x0400,other_permission
629,412,,,0x0400,other_permission
630,412,,,0x0400,other_permission
631,412,,,0x0000,empty
632,412,,,0x0000,empty
633,412,,,0x0000,empty
634,412,,,0x0000,empty
635,412,,,0x0000,empty
636,412,,,0x0000,empty
637,412,,,0x0000,empty
638,412,,,0x0000,empty
639,412,,,0x0000,empty
640,412,,,0x0000,empty
641,412,,,0x0000,empty
642,412,,,0x0000,empty
643,412,,,0x0400,other_permission
644,412,,,0x0400,other_permission
645,412,,,0x0002,other_permission
646,412,,,0x0002,other_permission
647,412,,,0x0002,other_permission
648,412,,,0x0002,other_permission
649,412,,,0x0002,other_permission
650,412,,,0x8006,headbutt_or_blocked_8006
651,412,,,0x8006,headbutt_or_blocked_8006
652,412,,,0x8006,headbutt_or_blocked_8006
653,412,,,0x8006,headbutt_or_blocked_8006
654,412,,,0x8006,headbutt_or_blocked_8006
655,412,,,0x8006,headbutt_or_blocked_8006
656,412,,,0x8006,headbutt_or_blocked_8006
657,412,,,0x8006,headbutt_or_blocked_8006
658,412,,,0x8006,headbutt_or_blocked_8006
659,412,,,0x8006,headbutt_or_blocked_8006
660,412,,,0x8006,headbutt_or_blocked_8006
661,412,,,0x8006,headbutt_or_blocked_8006
662,412,,,0x8006,headbutt_or_blocked_8006
663,412,,,0x8006,headbutt_or_blocked_8006
664,412,,,0x8006,headbutt_or_blocked_8006
665,412,,,0x8006,headbutt_or_blocked_8006
666,412,,,0x8006,headbutt_or_blocked_8006
667,412,,,0x8006,headbutt_or_blocked_8006
668,412,,,0x8006,headbutt_or_blocked_8006
669,412,,,0x8006,headbutt_or_blocked_8006
670,412,,,0x8006,headbutt_or_blocked_8006
671,412,,,0x8006,headbutt_or_blocked_8006
576,413,,,0x8006,headbutt_or_blocked_8006
577,413,,,0x8006,headbutt_or_blocked_8006
578,413,,,0x8006,headbutt_or_blocked_8006
579,413,,,0x8006,headbutt_or_blocked_8006
580,413,,,0x8006,headbutt_or_blocked_8006
581,413,,,0x8006,headbutt_or_blocked_8006
582,413,,,0x8006,headbutt_or_blocked_8006
583,413,,,0x8006,headbutt_or_blocked_8006
584,413,,,0x8006,headbutt_or_blocked_8006
585,413,,,0x8006,headbutt_or_blocked_8006
586,413,,,0x8006,headbutt_or_blocked_8006
587,413,,,0x8006,headbutt_or_blocked_8006
588,413,,,0x8006,headbutt_or_blocked_8006
589,413,,,0x8006,headbutt_or_blocked_8006
590,413,,,0x8006,headbutt_or_blocked_8006
591,413,,,0x8006,headbutt_or_blocked_8006
592,413,,,0x8006,headbutt_or_blocked_8006
593,413,,,0x8006,headbutt_or_blocked_8006
594,413,,,0x8006,headbutt_or_blocked_8006
595,413,,,0x8006,headbutt_or_blocked_8006
596,413,,,0x8006,headbutt_or_blocked_8006
597,413,,,0x8006,headbutt_or_blocked_8006
598,413,,,0x8006,headbutt_or_blocked_8006
599,413,,,0x8006,headbutt_or_blocked_8006
600,413,,,0x8006,headbutt_or_blocked_8006
601,413,,,0x8006,headbutt_or_blocked_8006
602,413,,,0x8006,headbutt_or_blocked_8006
603,413,,,0x8006,headbutt_or_blocked_8006
604,413,,,0x8006,headbutt_or_blocked_8006
605,413,,,0x8006,headbutt_or_blocked_8006
606,413,,,0x8006,headbutt_or_blocked_8006
607,413,,,0x8006,headbutt_or_blocked_8006
608,413,,,0x8006,headbutt_or_blocked_8006
609,413,,,0x8006,headbutt_or_blocked_8006
610,413,,,0x8006,headbutt_or_blocked_8006
611,413,,,0x8006,headbutt_or_blocked_8006
612,413,,,0x8006,headbutt_or_blocked_8006
613,413,,,0x8006,headbutt_or_blocked_8006
614,413,,,0x8006,headbutt_or_blocked_8006
615,413,,,0x8006,headbutt_or_blocked_8006
616,413,,,0x8006,headbutt_or_blocked_8006
617,413,,,0x8006,headbutt_or_blocked_8006
618,413,,,0x8006,headbutt_or_blocked_8006
619,413,,,0x8006,headbutt_or_blocked_8006
620,413,,,0x8006,headbutt_or_blocked_8006
621,413,,,0x8006,headbutt_or_blocked_8006
622,413,,,0x8006,headbutt_or_blocked_8006
623,413,,,0x8006,headbutt_or_blocked_8006
624,413,,,0x8006,headbutt_or_blocked_8006
625,413,,,0x8006,headbutt_or_blocked_8006
626,413,,,0x8006,headbutt_or_blocked_8006
627,413,,,0x8006,headbutt_or_blocked_8006
628,413,,,0x8006,headbutt_or_blocked_8006
629,413,,,0x8006,headbutt_or_blocked_8006
630,413,,,0x8006,headbutt_or_blocked_8006
631,413,,,0x8006,headbutt_or_blocked_8006
632,413,,,0x8006,headbutt_or_blocked_8006
633,413,,,0x8006,headbutt_or_blocked_8006
634,413,,,0x8006,headbutt_or_blocked_8006
635,413,,,0x8006,headbutt_or_blocked_8006
636,413,,,0x8006,headbutt_or_blocked_8006
637,413,,,0x8006,headbutt_or_blocked_8006
638,413,,,0x8006,headbutt_or_blocked_8006
639,413,,,0x8006,headbutt_or_blocked_8006
640,413,,,0x8006,headbutt_or_blocked_8006
641,413,,,0x8006,headbutt_or_blocked_8006
642,413,,,0x8006,headbutt_or_blocked_8006
643,413,,,0x8006,headbutt_or_blocked_8006
644,413,,,0x8006,headbutt_or_blocked_8006
645,413,,,0x8006,headbutt_or_blocked_8006
646,413,,,0x8006,headbutt_or_blocked_8006
647,413,,,0x8006,headbutt_or_blocked_8006
648,413,,,0x8006,headbutt_or_blocked_8006
649,413,,,0x8006,headbutt_or_blocked_8006
650,413,,,0x8006,headbutt_or_blocked_8006
651,413,,,0x8006,headbutt_or_blocked_8006
652,413,,,0x8006,headbutt_or_blocked_8006
653,413,,,0x8006,headbutt_or_blocked_8006
654,413,,,0x8006,headbutt_or_blocked_8006
655,413,,,0x8006,headbutt_or_blocked_8006
656,413,,,0x8006,headbutt_or_blocked_8006
657,413,,,0x8006,headbutt_or_blocked_8006
658,413,,,0x8006,headbutt_or_blocked_8006
659,413,,,0x8006,headbutt_or_blocked_8006
660,413,,,0x8006,headbutt_or_blocked_8006
661,413,,,0x8006,headbutt_or_blocked_8006
662,413,,,0x8006,headbutt_or_blocked_8006
663,413,,,0x8006,headbutt_or_blocked_8006
664,413,,,0x8006,headbutt_or_blocked_8006
665,413,,,0x8006,headbutt_or_blocked_8006
666,413,,,0x8006,headbutt_or_blocked_8006
667,413,,,0x8006,headbutt_or_blocked_8006
668,413,,,0x8006,headbutt_or_blocked_8006
669,413,,,0x8006,headbutt_or_blocked_8006
670,413,,,0x8006,headbutt_or_blocked_8006
671,413,,,0x8006,headbutt_or_blocked_8006
576,414,,,0x8006,headbutt_or_blocked_8006
577,414,,,0x8006,headbutt_or_blocked_8006
578,414,,,0x8006,headbutt_or_blocked_8006
579,414,,,0x8006,headbutt_or_blocked_8006
580,414,,,0x8006,headbutt_or_blocked_8006
581,414,,,0x8006,headbutt_or_blocked_8006
582,414,,,0x8006,headbutt_or_blocked_8006
583,414,,,0x8006,headbutt_or_blocked_8006
584,414,,,0x8006,headbutt_or_blocked_8006
585,414,,,0x8006,headbutt_or_blocked_8006
586,414,,,0x8006,headbutt_or_blocked_8006
587,414,,,0x8006,headbutt_or_blocked_8006
588,414,,,0x8006,headbutt_or_blocked_8006
589,414,,,0x8006,headbutt_or_blocked_8006
590,414,,,0x8006,headbutt_or_blocked_8006
591,414,,,0x8006,headbutt_or_blocked_8006
592,414,,,0x8006,headbutt_or_blocked_8006
593,414,,,0x8006,headbutt_or_blocked_8006
594,414,,,0x8006,headbutt_or_blocked_8006
595,414,,,0x8006,headbutt_or_blocked_8006
596,414,,,0x8006,headbutt_or_blocked_8006
597,414,,,0x8006,headbutt_or_blocked_8006
598,414,,,0x8006,headbutt_or_blocked_8006
599,414,,,0x8006,headbutt_or_blocked_8006
600,414,,,0x8006,headbutt_or_blocked_8006
601,414,,,0x8006,headbutt_or_blocked_8006
602,414,,,0x8006,headbutt_or_blocked_8006
603,414,,,0x8006,headbutt_or_blocked_8006
604,414,,,0x8006,headbutt_or_blocked_8006
605,414,,,0x8006,headbutt_or_blocked_8006
606,414,,,0x8006,headbutt_or_blocked_8006
607,414,,,0x8006,headbutt_or_blocked_8006
608,414,,,0x8006,headbutt_or_blocked_8006
609,414,,,0x8006,headbutt_or_blocked_8006
610,414,,,0x8006,headbutt_or_blocked_8006
611,414,,,0x8006,headbutt_or_blocked_8006
612,414,,,0x8006,headbutt_or_blocked_8006
613,414,,,0x8006,headbutt_or_blocked_8006
614,414,,,0x8006,headbutt_or_blocked_8006
615,414,,,0x8006,headbutt_or_blocked_8006
616,414,,,0x8006,headbutt_or_blocked_8006
617,414,,,0x8006,headbutt_or_blocked_8006
618,414,,,0x8006,headbutt_or_blocked_8006
619,414,,,0x8006,headbutt_or_blocked_8006
620,414,,,0x8006,headbutt_or_blocked_8006
621,414,,,0x8006,headbutt_or_blocked_8006
622,414,,,0x8006,headbutt_or_blocked_8006
623,414,,,0x8006,headbutt_or_blocked_8006
624,414,,,0x8006,headbutt_or_blocked_8006
625,414,,,0x8006,headbutt_or_blocked_8006
626,414,,,0x8006,headbutt_or_blocked_8006
627,414,,,0x8006,headbutt_or_blocked_8006
628,414,,,0x8006,headbutt_or_blocked_8006
629,414,,,0x8006,headbutt_or_blocked_8006
630,414,,,0x8006,headbutt_or_blocked_8006
631,414,,,0x8006,headbutt_or_blocked_8006
632,414,,,0x8006,headbutt_or_blocked_8006
633,414,,,0x8006,headbutt_or_blocked_8006
634,414,,,0x8006,headbutt_or_blocked_8006
635,414,,,0x8006,headbutt_or_blocked_8006
636,414,,,0x8006,headbutt_or_blocked_8006
637,414,,,0x8006,headbutt_or_blocked_8006
638,414,,,0x8006,headbutt_or_blocked_8006
639,414,,,0x8006,headbutt_or_blocked_8006
640,414,,,0x8006,headbutt_or_blocked_8006
641,414,,,0x8006,headbutt_or_blocked_8006
642,414,,,0x8006,headbutt_or_blocked_8006
643,414,,,0x8006,headbutt_or_blocked_8006
644,414,,,0x8006,headbutt_or_blocked_8006
645,414,,,0x8006,headbutt_or_blocked_8006
646,414,,,0x8006,headbutt_or_blocked_8006
647,414,,,0x8006,headbutt_or_blocked_8006
648,414,,,0x8006,headbutt_or_blocked_8006
649,414,,,0x8006,headbutt_or_blocked_8006
650,414,,,0x8006,headbutt_or_blocked_8006
651,414,,,0x8006,headbutt_or_blocked_8006
652,414,,,0x8006,headbutt_or_blocked_8006
653,414,,,0x8006,headbutt_or_blocked_8006
654,414,,,0x8006,headbutt_or_blocked_8006
655,414,,,0x8006,headbutt_or_blocked_8006
656,414,,,0x8006,headbutt_or_blocked_8006
657,414,,,0x8006,headbutt_or_blocked_8006
658,414,,,0x8006,headbutt_or_blocked_8006
659,414,,,0x8006,headbutt_or_blocked_8006
660,414,,,0x8006,headbutt_or_blocked_8006
661,414,,,0x8006,headbutt_or_blocked_8006
662,414,,,0x8006,headbutt_or_blocked_8006
663,414,,,0x8006,headbutt_or_blocked_8006
664,414,,,0x8006,headbutt_or_blocked_8006
665,414,,,0x8006,headbutt_or_blocked_8006
666,414,,,0x8006,headbutt_or_blocked_8006
667,414,,,0x8006,headbutt_or_blocked_8006
668,414,,,0x8006,headbutt_or_blocked_8006
669,414,,,0x8006,headbutt_or_blocked_8006
670,414,,,0x8006,headbutt_or_blocked_8006
671,414,,,0x8006,headbutt_or_blocked_8006
576,415,,,0x8006,headbutt_or_blocked_8006
577,415,,,0x8006,headbutt_or_blocked_8006
578,415,,,0x8006,headbutt_or_blocked_8006
579,415,,,0x8006,headbutt_or_blocked_8006
580,415,,,0x8006,headbutt_or_blocked_8006
581,415,,,0x8006,headbutt_or_blocked_8006
582,415,,,0x8006,headbutt_or_blocked_8006
583,415,,,0x8006,headbutt_or_blocked_8006
584,415,,,0x8006,headbutt_or_blocked_8006
585,415,,,0x8006,headbutt_or_blocked_8006
586,415,,,0x8006,headbutt_or_blocked_8006
587,415,,,0x8006,headbutt_or_blocked_8006
588,415,,,0x8006,headbutt_or_blocked_8006
589,415,,,0x8006,headbutt_or_blocked_8006
590,415,,,0x8006,headbutt_or_blocked_8006
591,415,,,0x8006,headbutt_or_blocked_8006
592,415,,,0x8006,headbutt_or_blocked_8006
593,415,,,0x8006,headbutt_or_blocked_8006
594,415,,,0x8006,headbutt_or_blocked_8006
595,415,,,0x8006,headbutt_or_blocked_8006
596,415,,,0x8006,headbutt_or_blocked_8006
597,415,,,0x8006,headbutt_or_blocked_8006
598,415,,,0x8006,headbutt_or_blocked_8006
599,415,,,0x8006,headbutt_or_blocked_8006
600,415,,,0x8006,headbutt_or_blocked_8006
601,415,,,0x8006,headbutt_or_blocked_8006
602,415,,,0x8006,headbutt_or_blocked_8006
603,415,,,0x8006,headbutt_or_blocked_8006
604,415,,,0x8006,headbutt_or_blocked_8006
605,415,,,0x8006,headbutt_or_blocked_8006
606,415,,,0x8006,headbutt_or_blocked_8006
607,415,,,0x8006,headbutt_or_blocked_8006
608,415,,,0x8006,headbutt_or_blocked_8006
609,415,,,0x8006,headbutt_or_blocked_8006
610,415,,,0x8006,headbutt_or_blocked_8006
611,415,,,0x8006,headbutt_or_blocked_8006
612,415,,,0x8006,headbutt_or_blocked_8006
613,415,,,0x8006,headbutt_or_blocked_8006
614,415,,,0x8006,headbutt_or_blocked_8006
615,415,,,0x8006,headbutt_or_blocked_8006
616,415,,,0x8006,headbutt_or_blocked_8006
617,415,,,0x8006,headbutt_or_blocked_8006
618,415,,,0x8006,headbutt_or_blocked_8006
619,415,,,0x8006,headbutt_or_blocked_8006
620,415,,,0x8006,headbutt_or_blocked_8006
621,415,,,0x8006,headbutt_or_blocked_8006
622,415,,,0x8006,headbutt_or_blocked_8006
623,415,,,0x8006,headbutt_or_blocked_8006
624,415,,,0x8006,headbutt_or_blocked_8006
625,415,,,0x8006,headbutt_or_blocked_8006
626,415,,,0x8006,headbutt_or_blocked_8006
627,415,,,0x8006,headbutt_or_blocked_8006
628,415,,,0x8006,headbutt_or_blocked_8006
629,415,,,0x8006,headbutt_or_blocked_8006
630,415,,,0x8006,headbutt_or_blocked_8006
631,415,,,0x8006,headbutt_or_blocked_8006
632,415,,,0x8006,headbutt_or_blocked_8006
633,415,,,0x8006,headbutt_or_blocked_8006
634,415,,,0x8006,headbutt_or_blocked_8006
635,415,,,0x8006,headbutt_or_blocked_8006
636,415,,,0x8006,headbutt_or_blocked_8006
637,415,,,0x8006,headbutt_or_blocked_8006
638,415,,,0x8006,headbutt_or_blocked_8006
639,415,,,0x8006,headbutt_or_blocked_8006
640,415,,,0x8006,headbutt_or_blocked_8006
641,415,,,0x8006,headbutt_or_blocked_8006
642,415,,,0x8006,headbutt_or_blocked_8006
643,415,,,0x8006,headbutt_or_blocked_8006
644,415,,,0x8006,headbutt_or_blocked_8006
645,415,,,0x8006,headbutt_or_blocked_8006
646,415,,,0x8006,headbutt_or_blocked_8006
647,415,,,0x8006,headbutt_or_blocked_8006
648,415,,,0x8006,headbutt_or_blocked_8006
649,415,,,0x8006,headbutt_or_blocked_8006
650,415,,,0x8006,headbutt_or_blocked_8006
651,415,,,0x8006,headbutt_or_blocked_8006
652,415,,,0x8006,headbutt_or_blocked_8006
653,415,,,0x8006,headbutt_or_blocked_8006
654,415,,,0x8006,headbutt_or_blocked_8006
655,415,,,0x8006,headbutt_or_blocked_8006
656,415,,,0x8006,headbutt_or_blocked_8006
657,415,,,0x8006,headbutt_or_blocked_8006
658,415,,,0x8006,headbutt_or_blocked_8006
659,415,,,0x8006,headbutt_or_blocked_8006
660,415,,,0x8006,headbutt_or_blocked_8006
661,415,,,0x8006,headbutt_or_blocked_8006
662,415,,,0x8006,headbutt_or_blocked_8006
663,415,,,0x8006,headbutt_or_blocked_8006
664,415,,,0x8006,headbutt_or_blocked_8006
665,415,,,0x8006,headbutt_or_blocked_8006
666,415,,,0x8006,headbutt_or_blocked_8006
667,415,,,0x8006,headbutt_or_blocked_8006
668,415,,,0x8006,headbutt_or_blocked_8006
669,415,,,0x8006,headbutt_or_blocked_8006
670,415,,,0x8006,headbutt_or_blocked_8006
671,415,,,0x8006,headbutt_or_blocked_8006
576,416,,,0x0000,empty
577,416,,,0x0000,empty
578,416,,,0x0000,empty
579,416,,,0x0000,empty
580,416,,,0x0000,empty
581,416,,,0x0000,empty
582,416,,,0x0000,empty
583,416,,,0x0000,empty
584,416,,,0x0000,empty
585,416,,,0x0000,empty
586,416,,,0x0000,empty
587,416,,,0x0000,empty
588,416,,,0x0000,empty
589,416,,,0x0000,empty
590,416,,,0x0000,empty
591,416,,,0x0000,empty
592,416,,,0x0000,empty
593,416,,,0x0000,empty
594,416,,,0x0000,empty
595,416,,,0x0000,empty
596,416,,,0x0000,empty
597,416,,,0x0000,empty
598,416,,,0x0000,empty
599,416,,,0x0000,empty
600,416,,,0x0000,empty
601,416,,,0x0000,empty
602,416,,,0x0000,empty
603,416,,,0x0000,empty
604,416,,,0x0000,empty
605,416,,,0x0000,empty
606,416,,,0x0000,empty
607,416,,,0x0000,empty
608,416,,,0x0000,empty
609,416,,,0x0000,empty
610,416,,,0x0000,empty
611,416,,,0x0000,empty
612,416,,,0x0000,empty
613,416,,,0x0000,empty
614,416,,,0x0000,empty
615,416,,,0x0000,empty
616,416,,,0x0000,empty
617,416,,,0x0000,empty
618,416,,,0x0000,empty
619,416,,,0x0000,empty
620,416,,,0x0000,empty
621,416,,,0x0000,empty
622,416,,,0x0000,empty
623,416,,,0x0000,empty
624,416,,,0x0000,empty
625,416,,,0x0000,empty
626,416,,,0x0000,empty
627,416,,,0x0000,empty
628,416,,,0x0000,empty
629,416,,,0x0000,empty
630,416,,,0x0000,empty
631,416,,,0x0000,empty
632,416,,,0x0000,empty
633,416,,,0x0000,empty
634,416,,,0x0000,empty
635,416,,,0x0000,empty
636,416,,,0x0000,empty
637,416,,,0x0000,empty
638,416,,,0x0000,empty
639,416,,,0x0000,empty
640,416,,,0x0000,empty
641,416,,,0x0000,empty
642,416,,,0x0000,empty
643,416,,,0x0000,empty
644,416,,,0x0000,empty
645,416,,,0x0000,empty
646,416,,,0x0000,empty
647,416,,,0x0000,empty
648,416,,,0x0000,empty
649,416,,,0x0000,empty
650,416,,,0x0000,empty
651,416,,,0x0000,empty
652,416,,,0x0000,empty
653,416,,,0x0000,empty
654,416,,,0x0000,empty
655,416,,,0x0000,empty
656,416,,,0x0000,empty
657,416,,,0x0000,empty
658,416,,,0x0000,empty
659,416,,,0x0000,empty
660,416,,,0x0000,empty
661,416,,,0x0000,empty
662,416,,,0x0000,empty
663,416,,,0x0000,empty
664,416,,,0x0000,empty
665,416,,,0x0000,empty
666,416,,,0x0000,empty
667,416,,,0x0000,empty
668,416,,,0x0000,empty
669,416,,,0x0000,empty
670,416,,,0x0000,empty
671,416,,,0x0000,empty
